date, pm25, pm10, o3, no2
2025/11/1, 27, 13, , 1
2025/11/2, 42, 11, , 2
2025/11/3, 32, 6, , 2
2025/11/4, 16, , , 
2025/10/1, 20, 11, , 6
2025/10/2, 35, 7, , 1
2025/10/3, 20, 6, , 
2025/10/4, 17, 10, , 
2025/10/5, 29, 6, , 5
2025/10/6, 15, 8, , 3
2025/10/7, 26, 13, , 4
2025/10/8, 30, 15, , 5
2025/10/9, 33, 18, , 1
2025/10/10, 43, 16, , 
2025/10/11, 36, 8, , 5
2025/10/12, 16, 15, , 13
2025/10/13, 24, 12, , 10
2025/10/14, 24, 12, , 7
2025/10/15, 36, 12, , 8
2025/10/16, 28, 10, , 8
2025/10/17, 18, 7, , 6
2025/10/18, 19, 6, , 1
2025/10/19, 19, 5, , 2
2025/10/20, 14, 11, , 1
2025/10/21, 41, 12, , 1
2025/10/22, 40, 6, , 1
2025/10/23, 17, 7, , 1
2025/10/24, 19, 8, , 1
2025/10/25, 22, 6, , 
2025/10/26, 20, 6, , 7
2025/10/27, 14, 9, , 6
2025/10/28, 18, 11, , 4
2025/10/29, 31, 4, , 4
2025/10/30, 10, 8, , 7
2025/10/31, 12, 8, , 1
2025/7/1, 49, 15, , 3
2025/7/2, 35, 14, , 1
2025/7/3, 34, 12, , 1
2025/7/4, 31, 7, , 
2025/7/5, 25, 11, , 1
2025/7/6, 31, 7, , 2
2025/7/7, 15, 6, , 1
2025/7/8, 11, 12, , 3
2025/7/9, 30, 14, , 5
2025/7/10, 34, 11, , 2
2025/7/11, 23, 11, , 
2025/7/12, 32, 8, , 
2025/7/13, 24, 12, , 1
2025/7/14, 30, 13, , 5
2025/7/15, 39, 14, , 3
2025/7/16, 41, 12, , 1
2025/7/17, 37, 15, , 3
2025/7/18, 46, 16, , 3
2025/7/19, 54, 18, , 5
2025/7/20, 60, 15, , 2
2025/7/21, 48, 13, , 1
2025/7/22, 40, 11, , 1
2025/7/23, 37, 17, , 2
2025/7/24, 53, 16, , 4
2025/7/25, 47, 14, , 1
2025/7/26, 42, 8, , 
2025/7/27, 21, 13, , 1
2025/7/28, 35, 11, , 1
2025/7/29, 29, 9, , 
2025/7/30, 23, 6, , 2
2025/7/31, 18, 8, , 2
2025/8/1, 27, 10, , 2
2025/8/2, 32, 5, , 
2025/8/3, 15, 8, , 
2025/8/4, 25, 16, , 2
2025/8/5, 34, 19, , 1
2025/8/6, 39, 15, , 1
2025/8/7, 40, 15, , 2
2025/8/8, 43, 11, , 1
2025/8/9, 29, 16, , 
2025/8/10, 39, 14, , 1
2025/8/11, 35, 11, , 2
2025/8/12, 32, 11, , 5
2025/8/13, 32, 16, , 3
2025/8/14, 36, 19, , 5
2025/8/15, 47, 7, , 1
2025/8/16, 16, 4, , 2
2025/8/17, 7, 8, , 6
2025/8/18, 16, 10, , 2
2025/8/19, 23, 7, , 3
2025/8/20, 10, 8, , 3
2025/8/21, 12, 8, , 4
2025/8/22, 20, 4, , 3
2025/8/23, 9, 6, , 2
2025/8/24, 16, 9, , 6
2025/8/25, 13, 10, , 6
2025/8/26, 22, 6, , 1
2025/8/27, 14, 15, , 3
2025/8/28, 39, 17, , 2
2025/8/29, 52, 12, , 1
2025/8/30, 41, 10, , 1
2025/8/31, 32, 8, , 
2025/9/1, 21, 8, , 5
2025/9/2, 24, 9, , 1
2025/9/3, 26, 11, , 
2025/9/4, 29, 9, , 2
2025/9/5, 29, 8, , 3
2025/9/6, 21, 7, , 4
2025/9/7, 18, 9, , 6
2025/9/8, 23, 14, , 6
2025/9/9, 41, 16, , 
2025/9/10, 43, 10, , 1
2025/9/11, 35, 10, , 
2025/9/12, 25, 8, , 
2025/9/13, 23, 4, , 
2025/9/14, 13, 8, , 1
2025/9/15, 22, 11, , 3
2025/9/16, 25, 14, , 1
2025/9/17, 28, 13, , 3
2025/9/18, 32, 17, , 4
2025/9/19, 44, 15, , 1
2025/9/20, 47, 13, , 1
2025/9/21, 37, 9, , 1
2025/9/22, 18, 15, , 8
2025/9/23, 30, 9, , 9
2025/9/24, 18, 11, , 8
2025/9/25, 21, 7, , 7
2025/9/26, 15, 5, , 3
2025/9/27, 10, 5, , 3
2025/9/28, 13, 5, , 1
2025/9/29, 10, 6, , 4
2025/9/30, 13, 7, , 5
2025/4/2, 31, 34, , 14
2025/4/3, 43, 15, , 4
2025/4/4, 19, 9, , 1
2025/4/5, 9, 16, , 7
2025/4/6, 23, 20, , 9
2025/4/7, 24, 28, , 19
2025/4/8, 29, 22, , 9
2025/4/9, 27, 24, , 5
2025/4/10, 34, 18, , 7
2025/4/11, 37, 14, , 7
2025/4/12, 40, 17, , 3
2025/4/13, 46, 16, , 5
2025/4/14, 51, 13, , 5
2025/4/15, 32, 21, , 6
2025/4/16, 52, 25, , 9
2025/4/17, 60, 9, , 3
2025/4/18, 29, 8, , 3
2025/4/19, 26, 3, , 3
2025/4/20, 10, 3, , 2
2025/4/21, 7, 15, , 4
2025/4/22, 49, 8, , 4
2025/4/23, 24, 7, , 8
2025/4/24, 15, 6, , 2
2025/4/25, 9, 7, , 6
2025/4/26, 18, 14, , 3
2025/4/27, 42, 15, , 5
2025/4/28, 41, 12, , 4
2025/4/29, 27, 12, , 4
2025/4/30, 30, 18, , 3
2025/5/1, 54, 18, , 3
2025/5/2, 47, 11, , 1
2025/5/3, 24, 6, , 1
2025/5/4, 9, 12, , 6
2025/5/5, 20, 15, , 4
2025/5/6, 22, 12, , 6
2025/5/7, 18, 15, , 8
2025/5/8, 25, 15, , 7
2025/5/9, 37, 14, , 4
2025/5/10, 41, 9, , 2
2025/5/11, 27, 10, , 5
2025/5/12, 21, 12, , 4
2025/5/13, 27, 21, , 5
2025/5/14, 28, 15, , 2
2025/5/15, 20, 12, , 3
2025/5/16, 14, 8, , 2
2025/5/17, 13, 7, , 1
2025/5/18, 11, 12, , 4
2025/5/19, 17, 18, , 7
2025/5/20, 40, 16, , 3
2025/5/21, 33, 4, , 2
2025/5/22, 5, 7, , 2
2025/5/23, 21, 9, , 1
2025/5/24, 28, 7, , 2
2025/5/25, 23, 13, , 3
2025/5/26, 35, 12, , 3
2025/5/27, 32, 12, , 4
2025/5/28, 31, 11, , 3
2025/5/29, 28, 9, , 5
2025/5/30, 23, 10, , 5
2025/5/31, 27, 10, , 3
2025/6/1, 31, 12, , 4
2025/6/2, 30, 12, , 3
2025/6/3, 31, 11, , 2
2025/6/4, 35, 12, , 2
2025/6/5, 34, 6, , 2
2025/6/6, 18, 10, , 1
2025/6/7, 27, 6, , 3
2025/6/8, 19, 12, , 2
2025/6/9, 25, 17, , 2
2025/6/10, 53, 11, , 2
2025/6/11, 39, 10, , 6
2025/6/12, 22, 9, , 4
2025/6/13, 20, 11, , 3
2025/6/14, 28, 10, , 3
2025/6/15, 30, 15, , 2
2025/6/16, 36, 15, , 4
2025/6/17, 47, 14, , 1
2025/6/18, 35, 10, , 1
2025/6/19, 24, 10, , 5
2025/6/20, 25, 11, , 1
2025/6/21, 31, 12, , 2
2025/6/22, 33, 14, , 1
2025/6/23, 35, 14, , 1
2025/6/24, 28, 11, , 
2025/6/25, 26, 11, , 
2025/6/26, 30, 13, , 1
2025/6/27, 32, 12, , 2
2025/6/28, 37, 23, , 1
2025/6/29, 52, 11, , 
2025/6/30, 28, 17, , 4
2025/1/1, 25, 6, , 5
2025/1/2, 17, 6, , 3
2025/1/3, 14, 7, , 6
2025/1/4, 18, 7, , 8
2025/1/5, 21, 2, , 1
2025/1/6, 8, 15, , 
2025/1/7, 37, 9, , 5
2025/1/8, 25, 7, , 10
2025/1/9, 18, 5, , 4
2025/1/10, 14, 5, , 2
2025/1/11, 6, 7, , 12
2025/1/12, 19, 10, , 3
2025/1/13, 31, 14, , 7
2025/1/14, 39, 13, , 14
2025/1/15, 38, 11, , 5
2025/1/16, 39, 19, , 6
2025/1/17, 58, 13, , 8
2025/1/18, 42, 13, , 1
2025/1/19, 51, 9, , 7
2025/1/20, 20, 14, , 5
2025/1/21, 48, 16, , 6
2025/1/22, 57, 7, , 8
2025/1/23, 24, 13, , 3
2025/1/24, 44, 22, , 2
2025/1/25, 57, 19, , 2
2025/1/26, 48, 8, , 2
2025/1/27, 25, 10, , 5
2025/1/28, 32, 8, , 9
2025/1/29, 18, 8, , 9
2025/1/30, 26, 8, , 6
2025/1/31, 24, 10, , 7
2025/2/1, 26, 9, , 5
2025/2/2, 34, 17, , 4
2025/2/3, 57, 33, , 6
2025/2/4, 95, 25, , 8
2025/2/5, 64, 18, , 18
2025/2/6, 31, 8, , 8
2025/2/7, 17, 11, , 3
2025/2/8, 40, 18, , 3
2025/2/9, 60, 14, , 5
2025/2/10, 39, 6, , 4
2025/2/11, 23, , , 6
2025/2/14, 46, 11, , 2
2025/2/15, 18, 12, , 2
2025/2/16, 20, 19, , 6
2025/2/17, 28, 25, , 10
2025/2/18, 41, 15, , 13
2025/2/19, 43, 14, , 3
2025/2/20, 28, 26, , 5
2025/2/21, 81, 25, , 3
2025/2/22, 80, 14, , 6
2025/2/23, 52, 13, , 3
2025/2/24, 48, 9, , 5
2025/2/25, 38, 12, , 4
2025/2/26, 39, 20, , 11
2025/2/27, 32, 12, , 9
2025/2/28, 25, 10, , 5
2025/3/1, 32, 18, , 5
2025/3/2, 44, 21, , 7
2025/3/3, 49, 19, , 6
2025/3/4, 46, 23, , 3
2025/3/5, 58, 28, , 4
2025/3/6, 71, 47, , 8
2025/3/7, 125, 18, , 9
2025/3/8, 55, 20, , 12
2025/3/9, 47, 23, , 9
2025/3/10, 40, 6, , 3
2025/3/11, 14, 2, , 5
2025/3/12, 7, 4, , 3
2025/3/13, 12, 17, , 12
2025/3/14, 24, 12, , 8
2025/3/15, 26, 11, , 2
2025/3/16, 19, 18, , 8
2025/3/17, 29, 14, , 11
2025/3/18, 33, 18, , 7
2025/3/19, 42, 18, , 10
2025/3/20, 46, 16, , 6
2025/3/21, 32, 9, , 1
2025/3/22, 20, 12, , 1
2025/3/23, 33, 25, , 6
2025/3/24, 52, 17, , 4
2025/3/25, 57, 13, , 8
2025/3/26, 25, 20, , 3
2025/3/27, 57, 31, , 2
2025/3/28, 84, 14, , 4
2025/3/29, 40, 11, , 2
2025/3/30, 30, , , 
2024/10/1, 8, 9, , 7
2024/10/2, 11, 14, , 12
2024/10/3, 20, 12, , 7
2024/10/4, 27, 7, , 3
2024/10/5, 23, 6, , 1
2024/10/6, 21, 5, , 2
2024/10/7, 13, 7, , 2
2024/10/8, 24, 14, , 3
2024/10/9, 50, 8, , 5
2024/10/10, 21, 8, , 3
2024/10/11, 16, 9, , 1
2024/10/12, 22, 6, , 2
2024/10/13, 19, 9, , 11
2024/10/14, 25, 18, , 10
2024/10/15, 37, 8, , 4
2024/10/16, 18, 10, , 3
2024/10/17, 31, 18, , 4
2024/10/18, 55, 19, , 2
2024/10/19, 55, 15, , 3
2024/10/20, 51, 17, , 1
2024/10/21, 46, 17, , 3
2024/10/22, 43, 18, , 7
2024/10/23, 40, 16, , 3
2024/10/24, 48, 22, , 3
2024/10/25, 64, 17, , 5
2024/10/26, 60, 17, , 2
2024/10/27, 50, 16, , 4
2024/10/28, 34, 6, , 6
2024/10/29, 19, 21, , 2
2024/10/30, 44, 17, , 7
2024/10/31, 39, 17, , 3
2024/11/1, 39, 10, , 6
2024/11/2, 24, 14, , 4
2024/11/3, 32, 9, , 7
2024/11/4, 24, 6, , 3
2024/11/5, 21, 6, , 5
2024/11/6, 22, 18, , 9
2024/11/7, 32, 12, , 6
2024/11/8, 26, 6, , 2
2024/11/9, 16, 12, , 2
2024/11/10, 40, 17, , 9
2024/11/11, 42, 13, , 8
2024/11/12, 31, 14, , 6
2024/11/13, 43, 25, , 19
2024/11/14, 39, 20, , 12
2024/11/15, 43, 14, , 4
2024/11/16, 33, 14, , 3
2024/11/17, 32, 29, , 20
2024/11/18, 35, 6, , 11
2024/11/19, 16, 9, , 8
2024/11/20, 15, 17, , 11
2024/11/21, 21, 45, , 23
2024/11/22, 52, , , 4
2024/11/26, 34, 9, , 5
2024/11/27, 23, 6, , 5
2024/11/28, 9, 9, , 6
2024/11/29, 26, 12, , 2
2024/11/30, 40, 16, , 4
2024/12/1, 56, 13, , 3
2024/12/2, 46, 5, , 2
2024/12/3, 10, 7, , 4
2024/12/4, 11, 6, , 2
2024/12/5, 10, 11, , 3
2024/12/6, 35, 11, , 2
2024/12/7, 44, 5, , 1
2024/12/8, 20, 6, , 2
2024/12/9, 15, 15, , 6
2024/12/10, 36, 8, , 4
2024/12/11, 29, 15, , 14
2024/12/12, 35, 8, , 3
2024/12/13, 28, 11, , 2
2024/12/14, 33, 13, , 6
2024/12/15, 32, 29, , 2
2024/12/16, 56, 15, , 4
2024/12/17, 37, 13, , 3
2024/12/18, 43, 18, , 7
2024/12/19, 40, 13, , 4
2024/12/20, 30, 13, , 1
2024/12/21, 39, 17, , 1
2024/12/22, 46, 7, , 5
2024/12/23, 17, 6, , 3
2024/12/24, 20, 8, , 2
2024/12/25, 31, 8, , 1
2024/12/26, 31, 8, , 3
2024/12/27, 33, 7, , 1
2024/12/28, 30, 9, , 1
2024/12/29, 26, , , 
2024/7/1, 19, 7, , 4
2024/7/2, 16, 11, , 3
2024/7/3, 26, 6, , 2
2024/7/4, 16, 9, , 1
2024/7/5, 21, 9, , 1
2024/7/6, 26, 9, , 1
2024/7/7, 21, 7, , 2
2024/7/8, 21, 7, , 2
2024/7/9, 21, 9, , 3
2024/7/10, 28, 8, , 5
2024/7/11, 26, 8, , 4
2024/7/12, 22, 7, , 2
2024/7/13, 21, 7, , 1
2024/7/14, 22, 7, , 1
2024/7/15, 25, 5, , 2
2024/7/16, 15, 7, , 5
2024/7/17, 21, 11, , 4
2024/7/18, 25, 10, , 3
2024/7/19, 28, 7, , 6
2024/7/20, 19, 8, , 1
2024/7/21, 25, 8, , 2
2024/7/22, 24, 8, , 3
2024/7/23, 23, 8, , 3
2024/7/24, 23, 8, , 2
2024/7/25, 23, 9, , 1
2024/7/26, 27, 8, , 2
2024/7/27, 21, 9, , 1
2024/7/28, 23, 9, , 3
2024/7/29, 22, 7, , 6
2024/7/30, 20, 9, , 1
2024/7/31, 27, 13, , 4
2024/8/1, 31, 9, , 6
2024/8/2, 25, 10, , 6
2024/8/3, 31, , , 1
2024/9/4, 102, 60, , 5
2024/9/5, 102, 30, , 5
2024/9/6, 66, 25, , 2
2024/9/7, 53, 28, , 1
2024/9/8, 58, 20, , 2
2024/9/9, 47, 11, , 2
2024/9/10, 25, 10, , 2
2024/9/11, 22, 7, , 1
2024/9/12, 18, 9, , 7
2024/9/13, 16, 7, , 6
2024/9/14, 15, 7, , 9
2024/9/15, 16, 12, , 10
2024/9/16, 20, 13, , 7
2024/9/17, 22, 10, , 5
2024/9/18, 19, 12, , 7
2024/9/19, 25, 22, , 12
2024/9/20, 43, 23, , 8
2024/9/21, 56, 20, , 4
2024/9/22, 55, 23, , 3
2024/9/23, 60, 19, , 2
2024/9/24, 56, 10, , 1
2024/9/25, 28, 6, , 3
2024/9/26, 13, 3, , 4
2024/9/27, 6, 7, , 3
2024/9/28, 20, 7, , 2
2024/9/29, 19, 6, , 1
2024/9/30, 16, 5, , 3
2024/5/8, 36, 11, , 4
2024/5/9, 33, 9, , 3
2024/5/10, 23, 10, , 5
2024/5/11, 21, 10, , 7
2024/5/12, 27, 13, , 7
2024/5/13, 24, 17, , 6
2024/5/14, 22, 15, , 3
2024/5/15, 23, 18, , 1
2024/5/16, 28, 21, , 5
2024/5/17, 37, 23, , 4
2024/5/18, 41, 25, , 5
2024/5/19, 49, 26, , 4
2024/5/20, 44, 11, , 1
2024/5/21, 16, 15, , 1
2024/5/22, 23, 20, , 3
2024/5/23, 40, 15, , 4
2024/5/24, 41, 12, , 3
2024/5/25, 36, 14, , 2
2024/5/26, 43, 11, , 1
2024/5/27, 37, 12, , 3
2024/5/28, 40, 6, , 1
2024/5/29, 15, 8, , 2
2024/5/30, 22, 15, , 5
2024/5/31, 39, 17, , 3
2024/6/1, 49, 16, , 4
2024/6/2, 50, 17, , 3
2024/6/3, 41, 12, , 1
2024/6/4, 32, 8, , 2
2024/6/5, 23, 8, , 2
2024/6/6, 24, 10, , 1
2024/6/7, 28, 9, , 1
2024/6/8, 31, 8, , 1
2024/6/9, 20, 11, , 3
2024/6/10, 29, 11, , 4
2024/6/11, 30, 10, , 3
2024/6/12, 30, 9, , 1
2024/6/13, 24, 8, , 2
2024/6/14, 29, 7, , 1
2024/6/15, 21, 9, , 1
2024/6/16, 22, 7, , 1
2024/6/17, 20, 9, , 3
2024/6/18, 25, 11, , 4
2024/6/19, 26, 16, , 4
2024/6/20, 33, 11, , 3
2024/6/21, 26, 7, , 2
2024/6/22, 17, 6, , 1
2024/6/23, 18, 13, , 3
2024/6/24, 37, 12, , 6
2024/6/25, 33, 12, , 6
2024/6/26, 31, 17, , 4
2024/6/27, 46, 15, , 3
2024/6/28, 46, 9, , 3
2024/6/29, 25, 7, , 2
2024/6/30, 21, 8, , 3
2024/1/1, 8, 3, , 1
2024/1/2, 11, 5, , 1
2024/1/3, 9, 7, , 4
2024/1/4, 12, 7, , 9
2024/1/5, 18, 6, , 7
2024/1/6, 24, 6, , 7
2024/1/7, 26, 12, , 17
2024/1/8, 36, 17, , 16
2024/1/9, 52, 15, , 16
2024/1/10, 48, 17, , 23
2024/1/11, 44, 15, , 26
2024/1/12, 48, 11, , 6
2024/1/13, 31, 8, , 6
2024/1/14, 23, 4, , 6
2024/1/15, 9, 8, , 14
2024/1/16, 20, 7, , 2
2024/1/17, 19, 10, , 17
2024/1/18, 21, 11, , 4
2024/1/19, 25, 7, , 8
2024/1/20, 23, 14, , 3
2024/1/21, 50, 18, , 1
2024/1/22, 50, 24, , 4
2024/1/23, 56, 20, , 4
2024/1/24, 48, 13, , 13
2024/1/25, 32, 9, , 3
2024/1/26, 27, 23, , 3
2024/1/27, 55, 16, , 2
2024/1/28, 49, 20, , 7
2024/1/29, 57, 16, , 8
2024/1/30, 57, 12, , 5
2024/1/31, 36, 20, , 2
2024/2/1, 47, 16, , 5
2024/2/2, 42, 26, , 1
2024/2/3, 59, 19, , 1
2024/2/4, 45, 20, , 4
2024/2/5, 34, 11, , 6
2024/2/6, 18, 8, , 5
2024/2/7, 19, 5, , 8
2024/2/8, 14, 4, , 3
2024/2/9, 12, 5, , 1
2024/2/10, 20, 4, , 1
2024/2/11, 19, 6, , 8
2024/2/12, 22, 12, , 9
2024/2/13, 37, 10, , 6
2024/2/14, 35, 6, , 4
2024/2/15, 25, 6, , 5
2024/2/16, 24, 7, , 7
2024/2/17, 13, 4, , 2
2024/2/18, 12, 5, , 5
2024/2/19, 15, 11, , 6
2024/2/20, 34, 9, , 6
2024/2/21, 30, 4, , 3
2024/2/22, 14, 9, , 1
2024/2/23, 25, 9, , 3
2024/2/24, 30, 8, , 3
2024/2/25, 29, 9, , 7
2024/2/26, 22, 10, , 3
2024/2/27, 28, 16, , 2
2024/2/28, 52, 19, , 3
2024/2/29, 64, 24, , 3
2024/3/1, 74, 22, , 4
2024/3/2, 71, 25, , 2
2024/3/3, 77, 21, , 3
2024/3/4, 58, 20, , 4
2024/3/5, 47, 14, , 5
2024/3/6, 28, 28, , 11
2024/3/7, 43, 28, , 10
2024/3/8, 40, 9, , 2
2024/3/9, 19, 8, , 1
2024/3/10, 15, 20, , 3
2024/3/11, 31, 19, , 8
2024/3/12, 34, 24, , 4
2024/3/13, 74, 14, , 3
2024/3/14, 54, 19, , 4
2024/3/15, 65, 11, , 1
2024/3/16, 33, 4, , 1
2024/3/17, 6, 11, , 6
2024/3/18, 15, 12, , 2
2024/3/19, 30, 11, , 6
2024/3/20, 42, 13, , 6
2024/3/21, 38, 17, , 4
2024/3/22, 47, 16, , 1
2024/3/23, 44, 7, , 2
2024/3/24, 22, 6, , 4
2024/3/25, 8, 10, , 3
2024/3/26, 28, 13, , 2
2024/3/27, 35, 19, , 4
2024/3/28, 47, 11, , 2
2024/3/29, 37, 7, , 1
2024/3/30, 25, 8, , 1
2024/3/31, 13, , , 
2023/10/1, 16, 8, , 5
2023/10/2, 19, 6, , 4
2023/10/3, 9, 13, , 2
2023/10/4, 16, 7, , 5
2023/10/5, 18, 10, , 3
2023/10/6, 14, 5, , 5
2023/10/7, 13, 5, , 6
2023/10/8, 14, 8, , 8
2023/10/9, 11, , , 
2023/10/11, 23, 14, , 1
2023/10/12, 17, 11, , 3
2023/10/13, 15, 15, , 4
2023/10/14, 17, 8, , 3
2023/10/15, 12, 11, , 11
2023/10/16, 15, 11, , 2
2023/10/17, 13, 9, , 8
2023/10/18, 13, 5, , 2
2023/10/19, 6, 6, , 2
2023/10/20, 9, 2, , 1
2023/10/21, 8, 4, , 2
2023/10/22, 11, 7, , 4
2023/10/23, 18, 3, , 2
2023/10/24, 8, 3, , 4
2023/10/25, 8, 5, , 4
2023/10/26, 7, 7, , 5
2023/10/27, 12, 6, , 3
2023/10/28, 14, 3, , 1
2023/10/29, 9, 9, , 5
2023/10/30, 17, 5, , 4
2023/10/31, 7, 6, , 4
2023/11/1, 8, 6, , 2
2023/11/2, 17, 10, , 3
2023/11/3, 27, 12, , 2
2023/11/4, 25, 7, , 2
2023/11/5, 19, 9, , 5
2023/11/6, 23, 9, , 6
2023/11/7, 24, 11, , 11
2023/11/8, 22, 10, , 11
2023/11/9, 19, 6, , 9
2023/11/10, 12, 5, , 7
2023/11/11, 15, 6, , 5
2023/11/12, 17, 4, , 3
2023/11/13, 10, 5, , 3
2023/11/14, 7, 7, , 4
2023/11/15, 8, 8, , 3
2023/11/16, 10, 11, , 7
2023/11/17, 14, 5, , 3
2023/11/18, 13, 4, , 1
2023/11/19, 14, 9, , 5
2023/11/20, 17, 9, , 4
2023/11/21, 20, 7, , 2
2023/11/22, 19, 13, , 2
2023/11/23, 15, 8, , 5
2023/11/24, 4, 8, , 5
2023/11/25, 11, 18, , 16
2023/11/26, 26, 14, , 11
2023/11/27, 20, 12, , 6
2023/11/28, 15, 7, , 11
2023/11/29, 16, 6, , 8
2023/11/30, 17, 7, , 6
2023/12/1, 18, 9, , 9
2023/12/2, 27, 7, , 6
2023/12/3, 29, 8, , 7
2023/12/4, 28, 9, , 10
2023/12/5, 26, 5, , 7
2023/12/6, 16, 11, , 11
2023/12/7, 32, 14, , 7
2023/12/8, 52, 13, , 3
2023/12/9, 53, 10, , 2
2023/12/10, 43, 5, , 6
2023/12/11, 15, 9, , 8
2023/12/12, 25, 7, , 5
2023/12/13, 16, 9, , 4
2023/12/14, 20, 15, , 9
2023/12/15, 43, 17, , 4
2023/12/16, 48, 15, , 3
2023/12/17, 43, 5, , 4
2023/12/18, 20, 19, , 7
2023/12/19, 43, 13, , 3
2023/12/20, 32, 11, , 3
2023/12/21, 27, 3, , 3
2023/12/22, 8, 9, , 13
2023/12/23, 21, 6, , 5
2023/12/24, 19, 16, , 2
2023/12/25, 38, 8, , 3
2023/12/26, 21, 8, , 16
2023/12/27, 17, 11, , 2
2023/12/28, 31, 12, , 2
2023/12/29, 37, 10, , 9
2023/12/30, 28, 2, , 1
2023/12/31, 7, 2, , 
2023/7/1, 43, 12, , 1
2023/7/2, 31, 13, , 2
2023/7/3, 28, 11, , 1
2023/7/4, 25, 12, , 2
2023/7/5, 33, 9, , 3
2023/7/6, 27, 12, , 6
2023/7/7, 33, 13, , 5
2023/7/8, 33, 13, , 9
2023/7/9, 41, 13, , 4
2023/7/10, 38, 11, , 2
2023/7/11, 30, 9, , 3
2023/7/12, 28, 10, , 2
2023/7/13, 24, 10, , 2
2023/7/14, 25, 10, , 1
2023/7/15, 26, 13, , 1
2023/7/16, 29, 14, , 
2023/7/17, 23, 10, , 2
2023/7/18, 13, 11, , 1
2023/7/19, 15, 10, , 1
2023/7/20, 15, 8, , 4
2023/7/21, 13, 6, , 1
2023/7/22, 10, 7, , 1
2023/7/23, 20, 7, , 1
2023/7/24, 20, 11, , 4
2023/7/25, 18, 7, , 1
2023/7/26, 15, 6, , 3
2023/7/27, 14, 9, , 6
2023/7/28, 20, 8, , 2
2023/7/29, 25, 10, , 3
2023/7/30, 24, 5, , 2
2023/7/31, 11, 5, , 1
2023/8/1, 13, 6, , 3
2023/8/2, 14, 10, , 3
2023/8/3, 18, 14, , 3
2023/8/4, 25, 10, , 1
2023/8/5, 15, 5, , 2
2023/8/6, 10, 4, , 2
2023/8/7, 19, 10, , 4
2023/8/8, 13, 10, , 3
2023/8/9, 14, 9, , 2
2023/8/10, 11, 11, , 1
2023/8/11, 22, 12, , 2
2023/8/12, 31, 16, , 2
2023/8/13, 36, 13, , 2
2023/8/14, 30, 18, , 3
2023/8/15, 41, 8, , 3
2023/8/16, 12, 8, , 4
2023/8/17, 9, 9, , 3
2023/8/18, 19, 8, , 
2023/8/19, 23, 11, , 1
2023/8/20, 29, 11, , 6
2023/8/21, 18, 11, , 4
2023/8/22, 19, 8, , 4
2023/8/23, 16, 9, , 4
2023/8/24, 11, 5, , 2
2023/8/25, 13, 5, , 2
2023/8/26, 17, 8, , 
2023/8/27, 19, 5, , 3
2023/8/28, 9, 9, , 2
2023/8/29, 16, 9, , 4
2023/8/30, 21, 10, , 5
2023/8/31, 18, 8, , 5
2023/9/1, 21, 11, , 5
2023/9/2, 17, 10, , 2
2023/9/3, 16, 13, , 5
2023/9/4, 24, 15, , 5
2023/9/5, 38, 10, , 4
2023/9/6, 21, 12, , 3
2023/9/7, 30, 14, , 5
2023/9/8, 37, 21, , 2
2023/9/9, 57, 23, , 4
2023/9/10, 60, 23, , 1
2023/9/11, 52, 14, , 4
2023/9/12, 32, 10, , 5
2023/9/13, 12, 23, , 5
2023/9/14, 41, 155, , 1
2023/9/15, 311, 17, , 2
2023/9/16, 47, 9, , 2
2023/9/17, 28, 10, , 1
2023/9/18, 29, 10, , 1
2023/9/19, 23, 10, , 1
2023/9/20, 22, 12, , 2
2023/9/21, 28, 10, , 5
2023/9/22, 28, 7, , 3
2023/9/23, 18, 8, , 1
2023/9/24, 15, 11, , 1
2023/9/25, 21, 13, , 3
2023/9/26, 34, 26, , 4
2023/9/27, 64, 19, , 3
2023/9/28, 50, 14, , 2
2023/9/29, 26, 13, , 2
2023/9/30, 16, 8, , 2
2023/5/2, 17, 19, , 6
2023/5/3, 22, 10, , 3
2023/5/4, 12, 6, , 1
2023/5/5, 10, 6, , 3
2023/5/6, 14, 9, , 3
2023/5/7, 18, 17, , 3
2023/5/8, 32, 21, , 2
2023/5/9, 32, 20, , 2
2023/5/10, 35, 21, , 7
2023/5/11, 44, 22, , 7
2023/5/12, 42, 24, , 5
2023/5/13, 47, 19, , 2
2023/5/14, 30, 26, , 5
2023/5/15, 37, 21, , 6
2023/5/16, 49, 8, , 1
2023/5/17, 9, 13, , 3
2023/5/18, 21, 13, , 6
2023/5/19, 28, 14, , 4
2023/5/20, 36, 12, , 2
2023/5/21, 30, 17, , 3
2023/5/22, 35, 15, , 4
2023/5/23, 32, 17, , 8
2023/5/24, 45, 18, , 3
2023/5/25, 29, 11, , 1
2023/5/26, 14, 16, , 3
2023/5/27, 26, 14, , 2
2023/5/28, 21, 14, , 4
2023/5/29, 20, 12, , 5
2023/5/30, 17, 13, , 4
2023/5/31, 21, 23, , 4
2023/6/1, 14, 9, , 3
2023/6/2, 13, 10, , 3
2023/6/3, 21, 14, , 3
2023/6/4, 30, 16, , 8
2023/6/5, 38, 14, , 2
2023/6/6, 30, 22, , 8
2023/6/7, 45, 17, , 6
2023/6/8, 43, 11, , 3
2023/6/9, 22, 7, , 1
2023/6/10, 16, 9, , 3
2023/6/11, 16, 15, , 3
2023/6/12, 26, 20, , 6
2023/6/13, 32, 22, , 7
2023/6/14, 38, 22, , 8
2023/6/15, 45, 20, , 5
2023/6/16, 44, 20, , 4
2023/6/17, 51, 11, , 2
2023/6/18, 35, 15, , 2
2023/6/19, 47, 18, , 4
2023/6/20, 53, 18, , 3
2023/6/21, 50, 13, , 2
2023/6/22, 27, 9, , 
2023/6/23, 20, 14, , 
2023/6/24, 30, 11, , 4
2023/6/25, 33, 13, , 3
2023/6/26, 26, 8, , 3
2023/6/27, 17, 13, , 5
2023/6/28, 30, 10, , 3
2023/6/29, 35, 16, , 3
2023/6/30, 39, 13, , 1
2023/1/2, 19, 5, , 5
2023/1/3, 14, 4, , 4
2023/1/4, 10, 4, , 4
2023/1/5, 13, 4, , 1
2023/1/6, 12, 13, , 3
2023/1/7, 24, 11, , 2
2023/1/8, 37, 9, , 3
2023/1/9, 24, 11, , 5
2023/1/10, 18, 13, , 2
2023/1/11, 22, 11, , 3
2023/1/12, 19, 10, , 2
2023/1/13, 17, 10, , 4
2023/1/14, 17, 12, , 1
2023/1/15, 14, 11, , 3
2023/1/16, 14, 7, , 2
2023/1/17, 20, 9, , 2
2023/1/18, 16, 11, , 6
2023/1/19, 33, 11, , 6
2023/1/20, 36, 7, , 2
2023/1/21, 23, 6, , 3
2023/1/22, 17, 9, , 5
2023/1/23, 25, 11, , 3
2023/1/24, 27, 16, , 2
2023/1/25, 40, 8, , 10
2023/1/26, 15, 14, , 15
2023/1/27, 29, 10, , 5
2023/1/28, 13, 13, , 3
2023/1/29, 18, 16, , 2
2023/1/30, 18, 11, , 3
2023/1/31, 15, 15, , 4
2023/2/1, 20, 14, , 10
2023/2/2, 17, 4, , 4
2023/2/3, 14, 7, , 8
2023/2/4, 23, 6, , 5
2023/2/5, 18, 10, , 7
2023/2/6, 31, 16, , 3
2023/2/7, 28, 28, , 5
2023/2/8, 58, 24, , 5
2023/2/9, 46, 13, , 2
2023/2/10, 14, 20, , 6
2023/2/11, 25, 17, , 8
2023/2/12, 18, 18, , 8
2023/2/13, 23, 16, , 5
2023/2/14, 36, 21, , 3
2023/2/15, 60, 37, , 6
2023/2/16, 87, 12, , 3
2023/2/17, 25, 13, , 1
2023/2/18, 12, 10, , 2
2023/2/19, 15, 22, , 2
2023/2/20, 28, 20, , 5
2023/2/21, 14, 9, , 2
2023/2/22, 13, 9, , 3
2023/2/23, 26, 2, , 3
2023/2/24, 3, 7, , 2
2023/2/25, 8, 10, , 3
2023/2/26, 8, 26, , 19
2023/2/27, 31, 22, , 21
2023/2/28, 45, 22, , 14
2023/3/1, 27, 22, , 17
2023/3/2, 29, 16, , 14
2023/3/3, 29, 16, , 3
2023/3/4, 10, 10, , 3
2023/3/5, 12, 21, , 15
2023/3/6, 21, 6, , 3
2023/3/7, 9, 8, , 11
2023/3/8, 19, 8, , 9
2023/3/9, 17, 9, , 11
2023/3/10, 28, 8, , 5
2023/3/11, 21, 7, , 1
2023/3/12, 13, 6, , 2
2023/3/13, 16, 10, , 3
2023/3/14, 14, 15, , 7
2023/3/15, 16, 16, , 11
2023/3/16, 20, 12, , 3
2023/3/17, 31, 22, , 8
2023/3/18, 63, 11, , 2
2023/3/19, 32, 16, , 5
2023/3/20, 34, 8, , 3
2023/3/21, 17, 13, , 3
2023/3/22, 35, 12, , 5
2023/3/23, 18, 13, , 4
2023/3/24, 17, 14, , 3
2023/3/25, 21, 1, , 1
2022/10/1, 29, 10, , 2
2022/10/2, 20, 17, , 10
2022/10/3, 32, 15, , 5
2022/10/4, 31, 15, , 2
2022/10/5, 30, 7, , 4
2022/10/6, 24, 19, , 2
2022/10/7, 32, 8, , 2
2022/10/8, 12, 7, , 1
2022/10/9, 13, 13, , 3
2022/10/10, 22, 12, , 2
2022/10/11, 16, 10, , 4
2022/10/12, 17, 20, , 4
2022/10/13, 36, 16, , 4
2022/10/14, 33, 14, , 3
2022/10/15, 40, 12, , 2
2022/10/16, 20, 15, , 5
2022/10/17, 19, 11, , 4
2022/10/18, 10, 13, , 11
2022/10/19, 20, 8, , 4
2022/10/20, 17, 9, , 3
2022/10/21, 26, 7, , 6
2022/10/22, 24, 11, , 2
2022/10/23, 25, 8, , 2
2022/10/24, 17, 12, , 5
2022/10/25, 19, 11, , 5
2022/10/26, 21, 22, , 3
2022/10/27, 40, 17, , 4
2022/10/28, 42, 18, , 4
2022/10/29, 23, 15, , 3
2022/10/30, 25, 18, , 5
2022/10/31, 46, 11, , 2
2022/11/1, 20, 12, , 4
2022/11/2, 15, 14, , 3
2022/11/3, 19, 9, , 1
2022/11/4, 17, , , 
2022/11/7, 14, 12, , 3
2022/11/8, 17, 14, , 3
2022/11/9, 24, 12, , 4
2022/11/10, 16, 17, , 2
2022/11/11, 23, 18, , 4
2022/11/12, 26, 8, , 7
2022/11/13, 19, 6, , 2
2022/11/14, 14, 6, , 1
2022/11/15, 17, 3, , 1
2022/11/16, 7, 3, , 1
2022/11/17, 8, 5, , 3
2022/11/18, 7, 5, , 1
2022/11/19, 8, 3, , 2
2022/11/20, 8, 4, , 4
2022/11/21, 12, 6, , 3
2022/11/22, 24, 8, , 2
2022/11/23, 29, 11, , 2
2022/11/24, 39, 8, , 1
2022/11/25, 26, 10, , 2
2022/11/26, 27, 8, , 2
2022/11/27, 19, 7, , 1
2022/11/28, 16, 8, , 4
2022/11/29, 13, 16, , 6
2022/11/30, 25, 9, , 6
2022/12/1, 21, 7, , 4
2022/12/2, 15, 12, , 3
2022/12/3, 34, 6, , 1
2022/12/4, 16, 14, , 5
2022/12/5, 22, 17, , 10
2022/12/6, 30, 10, , 15
2022/12/7, 22, 9, , 6
2022/12/8, 28, 6, , 8
2022/12/9, 15, 9, , 6
2022/12/10, 31, 5, , 6
2022/12/11, 22, 7, , 6
2022/12/12, 19, 11, , 10
2022/12/13, 27, 10, , 7
2022/12/14, 30, 14, , 18
2022/12/15, 41, 16, , 15
2022/12/16, 52, 18, , 4
2022/12/17, 50, 18, , 4
2022/12/18, 43, 12, , 4
2022/12/19, 40, 9, , 5
2022/12/20, 29, 13, , 3
2022/12/21, 24, 13, , 3
2022/12/22, 23, 5, , 8
2022/12/23, 12, 5, , 8
2022/12/24, 17, 5, , 2
2022/12/25, 19, 6, , 2
2022/12/26, 15, 13, , 3
2022/12/27, 17, 6, , 5
2022/12/28, 14, 9, , 2
2022/12/29, 20, 13, , 2
2022/12/30, 22, 16, , 2
2022/12/31, 26, 10, , 3
2023/1/1, 25, 11, , 7
2022/7/1, 35, , , 
2022/7/4, 15, 8, , 3
2022/7/5, 11, 10, , 3
2022/7/6, 14, 5, , 2
2022/7/7, 8, 10, , 3
2022/7/8, 18, 9, , 2
2022/7/9, 14, 5, , 2
2022/7/10, 10, 9, , 3
2022/7/11, 17, 11, , 3
2022/7/12, 20, 17, , 4
2022/7/13, 32, 12, , 2
2022/7/14, 14, 7, , 2
2022/7/15, 13, 6, , 2
2022/7/16, 13, 11, , 2
2022/7/17, 21, 14, , 3
2022/7/18, 36, 14, , 8
2022/7/19, 38, 18, , 3
2022/7/20, 46, 22, , 6
2022/7/21, 59, 18, , 1
2022/7/22, 38, 4, , 1
2022/7/23, 10, 9, , 1
2022/7/24, 22, 10, , 3
2022/7/25, 32, 10, , 3
2022/7/26, 17, 6, , 2
2022/7/27, 9, 11, , 6
2022/7/28, 20, 11, , 6
2022/7/29, 22, 9, , 2
2022/7/30, 24, 10, , 1
2022/7/31, 25, 10, , 3
2022/8/1, 21, 10, , 3
2022/8/2, 17, 16, , 3
2022/8/3, 38, 13, , 2
2022/8/4, 27, 7, , 3
2022/8/5, 13, 9, , 
2022/8/6, 15, 10, , 1
2022/8/7, 25, 8, , 2
2022/8/8, 16, 9, , 3
2022/8/9, 20, 8, , 2
2022/8/10, 24, 8, , 5
2022/8/11, 20, 11, , 10
2022/8/12, 24, 16, , 6
2022/8/13, 37, 15, , 6
2022/8/14, 41, 18, , 3
2022/8/15, 37, , , 
2022/8/17, 53, 14, , 6
2022/8/18, 33, 11, , 3
2022/8/19, 31, 6, , 1
2022/8/20, 16, 14, , 2
2022/8/21, 44, 13, , 4
2022/8/22, 36, 18, , 7
2022/8/23, 45, 18, , 8
2022/8/24, 51, 21, , 6
2022/8/25, 56, 18, , 4
2022/8/26, 51, 16, , 3
2022/8/27, 52, 11, , 1
2022/8/28, 40, 13, , 3
2022/8/29, 29, 15, , 5
2022/8/30, 37, 14, , 6
2022/8/31, 39, 16, , 6
2022/9/1, 37, 12, , 3
2022/9/2, 31, 10, , 2
2022/9/3, 37, 9, , 1
2022/9/4, 32, 11, , 2
2022/9/5, 37, 11, , 6
2022/9/6, 35, 12, , 5
2022/9/7, 34, 9, , 1
2022/9/8, 31, 10, , 3
2022/9/9, 32, 9, , 1
2022/9/10, 35, 12, , 3
2022/9/11, 39, 14, , 3
2022/9/12, 44, 12, , 3
2022/9/13, 33, 12, , 2
2022/9/14, 29, 10, , 4
2022/9/15, 31, 8, , 4
2022/9/16, 24, 6, , 3
2022/9/17, 22, 7, , 5
2022/9/18, 24, 7, , 3
2022/9/19, 17, 8, , 6
2022/9/20, 17, 15, , 8
2022/9/21, 26, 11, , 3
2022/9/22, 27, 15, , 4
2022/9/23, 36, 14, , 3
2022/9/24, 42, 13, , 3
2022/9/25, 42, 6, , 2
2022/9/26, 17, 6, , 1
2022/9/27, 19, 10, , 1
2022/9/28, 29, 8, , 3
2022/9/29, 14, 11, , 4
2022/9/30, 22, 9, , 2
2022/4/1, 16, 13, , 7
2022/4/2, 22, , , 
2022/4/4, 8, 10, , 4
2022/4/5, 11, 6, , 5
2022/4/6, 16, 7, , 6
2022/4/7, 20, 5, , 3
2022/4/8, 13, 9, , 
2022/4/9, 15, 10, , 1
2022/4/10, 14, 12, , 3
2022/4/11, 17, 29, , 13
2022/4/12, 25, 19, , 4
2022/4/13, 40, 22, , 6
2022/4/14, 65, 7, , 1
2022/4/15, 19, 10, , 5
2022/4/16, 26, 10, , 6
2022/4/17, 30, 21, , 5
2022/4/18, 50, 26, , 8
2022/4/19, 38, 19, , 4
2022/4/20, 19, 19, , 3
2022/4/21, 21, 21, , 3
2022/4/22, 23, 18, , 1
2022/4/23, 13, 9, , 
2022/4/24, 14, 16, , 5
2022/4/25, 25, 19, , 7
2022/4/26, 22, 14, , 6
2022/4/27, 15, 14, , 3
2022/4/28, 26, 16, , 6
2022/4/29, 27, 9, , 2
2022/4/30, 19, 11, , 6
2022/5/1, 26, 19, , 3
2022/5/2, 33, 14, , 3
2022/5/3, 15, 17, , 5
2022/5/4, 32, 14, , 4
2022/5/5, 31, 15, , 4
2022/5/6, 33, 9, , 3
2022/5/7, 23, 10, , 4
2022/5/8, 20, 11, , 1
2022/5/9, 22, 16, , 3
2022/5/10, 37, 17, , 2
2022/5/11, 40, 14, , 3
2022/5/12, 23, 12, , 3
2022/5/13, 24, 16, , 1
2022/5/14, 30, 8, , 1
2022/5/15, 19, 10, , 3
2022/5/16, 20, 12, , 4
2022/5/17, 19, 15, , 1
2022/5/18, 26, 25, , 8
2022/5/19, 59, 11, , 4
2022/5/20, 29, 13, , 5
2022/5/21, 30, , , 
2022/5/23, 25, 11, , 2
2022/5/24, 29, 8, , 1
2022/5/25, 20, 14, , 1
2022/5/26, 21, 11, , 1
2022/5/27, 18, 6, , 1
2022/5/28, 15, 8, , 2
2022/5/29, 22, 11, , 4
2022/5/30, 23, 13, , 7
2022/5/31, 34, 9, , 3
2022/6/1, 21, 11, , 4
2022/6/2, 27, 13, , 5
2022/6/3, 29, 13, , 3
2022/6/4, 36, 13, , 2
2022/6/5, 43, 11, , 2
2022/6/6, 32, 10, , 2
2022/6/7, 31, 9, , 1
2022/6/8, 25, 12, , 4
2022/6/9, 33, 13, , 4
2022/6/10, 39, 16, , 2
2022/6/11, 37, 14, , 1
2022/6/12, 27, 15, , 3
2022/6/13, 22, 12, , 2
2022/6/14, 21, 12, , 3
2022/6/15, 27, 13, , 3
2022/6/16, 30, 16, , 5
2022/6/17, 41, 19, , 2
2022/6/18, 39, 11, , 2
2022/6/19, 23, 10, , 3
2022/6/20, 22, 14, , 5
2022/6/21, 25, 11, , 4
2022/6/22, 22, 10, , 3
2022/6/23, 26, 11, , 1
2022/6/24, 32, 19, , 3
2022/6/25, 51, 22, , 3
2022/6/26, 63, 24, , 4
2022/6/27, 60, 11, , 3
2022/6/28, 27, 13, , 6
2022/6/29, 31, 14, , 4
2022/6/30, 36, 12, , 3
2022/1/3, 24, 10, , 2
2022/1/4, 19, 6, , 7
2022/1/5, 13, 9, , 11
2022/1/6, 19, 11, , 4
2022/1/7, 33, 4, , 3
2022/1/8, 12, 5, , 1
2022/1/9, 18, 6, , 4
2022/1/10, 25, 14, , 3
2022/1/11, 46, 12, , 7
2022/1/12, 23, 15, , 4
2022/1/13, 21, 16, , 2
2022/1/14, 21, 16, , 9
2022/1/15, 27, 12, , 1
2022/1/16, 23, 17, , 4
2022/1/17, 16, 18, , 14
2022/1/18, 28, 15, , 3
2022/1/19, 30, 22, , 2
2022/1/20, 13, 13, , 11
2022/1/21, 19, 10, , 5
2022/1/22, 24, 7, , 4
2022/1/23, 22, 12, , 7
2022/1/24, 22, 14, , 11
2022/1/25, 23, 21, , 4
2022/1/26, 33, 14, , 2
2022/1/27, 20, 13, , 5
2022/1/28, 16, 12, , 1
2022/1/29, 20, 12, , 1
2022/1/30, 13, 31, , 16
2022/1/31, 24, 9, , 13
2022/2/1, 20, 7, , 9
2022/2/2, 20, 6, , 9
2022/2/3, 14, 5, , 5
2022/2/4, 22, 4, , 2
2022/2/5, 3, 1, , 2
2022/2/6, 8, 4, , 4
2022/2/7, 7, 6, , 3
2022/2/8, 10, 1, , 1
2022/2/28, 13, 6, , 4
2022/3/1, 42, 4, , 11
2022/3/2, 19, 5, , 13
2022/3/3, 10, 15, , 15
2022/3/4, 12, 12, , 6
2022/3/5, 14, 4, , 5
2022/3/6, 20, 23, , 24
2022/3/7, 29, 16, , 9
2022/3/8, 41, 30, , 13
2022/3/9, 54, 15, , 5
2022/3/10, 31, 16, , 2
2022/3/11, 36, 14, , 2
2022/3/12, 33, 14, , 1
2022/3/13, 36, 29, , 8
2022/3/14, 55, 43, , 11
2022/3/15, 86, 24, , 5
2022/3/16, 66, , , 
2022/3/18, 23, 21, , 11
2022/3/19, 30, 22, , 7
2022/3/20, 41, 32, , 3
2022/3/21, 71, 40, , 8
2022/3/22, 89, 33, , 20
2022/3/23, 80, 38, , 12
2022/3/24, 81, 37, , 7
2022/3/25, 78, 12, , 3
2022/3/26, 15, 26, , 9
2022/3/27, 12, , , 
2021/10/1, 8, , , 3
2021/10/2, 7, , , 1
2021/10/3, 4, , , 2
2021/10/27, 19, 14, , 3
2021/10/28, 35, 20, , 5
2021/10/29, 57, 21, , 3
2021/10/30, 62, 15, , 2
2021/10/31, 40, 15, , 2
2021/11/1, 42, 11, , 5
2021/11/2, 23, 11, , 8
2021/11/3, 28, 19, , 9
2021/11/4, 46, 9, , 4
2021/11/5, 17, 11, , 1
2021/11/6, 19, 8, , 2
2021/11/7, 19, 4, , 4
2021/11/8, 11, 6, , 3
2021/11/9, 14, 10, , 5
2021/11/10, 15, 12, , 4
2021/11/11, 17, 16, , 12
2021/11/12, 19, 7, , 2
2021/11/13, 18, 6, , 3
2021/11/14, 16, 8, , 3
2021/11/15, 19, 15, , 5
2021/11/16, 52, 12, , 3
2021/11/17, 37, 9, , 3
2021/11/18, 12, 20, , 3
2021/11/19, 31, 10, , 6
2021/11/20, 22, 5, , 4
2021/11/21, 13, 8, , 10
2021/11/22, 14, 9, , 19
2021/11/23, 21, 8, , 3
2021/11/24, 14, 7, , 5
2021/11/25, 13, 4, , 7
2021/11/26, 12, 3, , 4
2021/11/27, 12, 3, , 4
2021/11/28, 12, 8, , 11
2021/11/29, 22, 6, , 7
2021/11/30, 17, 4, , 8
2021/12/1, 13, 6, , 14
2021/12/2, 17, 6, , 17
2021/12/3, 25, 4, , 4
2021/12/4, 16, 3, , 3
2021/12/5, 12, 4, , 7
2021/12/6, 15, 3, , 3
2021/12/7, 12, 8, , 3
2021/12/8, 30, 9, , 5
2021/12/9, 33, 14, , 6
2021/12/10, 44, 18, , 8
2021/12/11, 52, 12, , 6
2021/12/12, 47, 8, , 6
2021/12/13, 31, 13, , 8
2021/12/14, 21, 13, , 5
2021/12/15, 21, 19, , 3
2021/12/16, 28, 20, , 26
2021/12/17, 38, 8, , 8
2021/12/18, 27, 10, , 4
2021/12/19, 8, 22, , 17
2021/12/20, 22, 8, , 10
2021/12/21, 19, 4, , 3
2021/12/22, 15, 12, , 6
2021/12/23, 40, 7, , 4
2021/12/24, 13, 15, , 20
2021/12/25, 38, 13, , 17
2021/12/26, 47, 5, , 3
2021/12/27, 17, 12, , 4
2021/12/28, 44, 16, , 6
2021/12/29, 57, 18, , 3
2021/12/30, 39, 5, , 4
2021/12/31, 17, 6, , 2
2022/1/1, 16, 12, , 3
2022/1/2, 34, 13, , 2
2021/8/20, 9, 9, , 5
2021/8/21, 19, 5, , 4
2021/8/22, 15, 10, , 6
2021/8/23, 20, 13, , 8
2021/8/24, 29, 15, , 3
2021/8/25, 19, 12, , 2
2021/8/26, 11, 3, , 1
2021/8/27, 8, 2, , 
2021/8/28, 11, 7, , 1
2021/8/29, 30, 10, , 6
2021/8/30, 25, 16, , 7
2021/8/31, 27, 12, , 9
2021/9/1, 17, 15, , 9
2021/9/2, 27, 11, , 6
2021/9/3, 20, 3, , 3
2021/9/4, 7, 4, , 4
2021/9/5, 9, 4, , 3
2021/9/6, 12, 9, , 5
2021/9/7, 25, 16, , 5
2021/9/8, 56, 25, , 4
2021/9/9, 75, 23, , 8
2021/9/10, 65, 16, , 4
2021/9/11, 66, 8, , 3
2021/9/12, 45, 6, , 3
2021/9/13, 27, 7, , 6
2021/9/14, 21, 6, , 5
2021/9/15, 20, 1, , 2
2021/9/16, 9, 1, , 2
2021/9/17, 7, 1, , 1
2021/9/18, 8, 1, , 2
2021/9/19, 7, 2, , 4
2021/9/20, 7, 4, , 5
2021/9/21, 17, 7, , 7
2021/9/22, 25, 5, , 2
2021/9/23, 16, 7, , 6
2021/9/24, 12, 7, , 2
2021/9/25, 20, 3, , 6
2021/9/26, 14, 3, , 2
2021/9/27, 14, 8, , 6
2021/9/28, 10, 6, , 5
2021/9/29, 11, 4, , 3
2021/9/30, 19, , , 2
2021/4/6, 8, 6, 28, 5
2021/4/7, 2, 6, 35, 5
2021/4/8, 6, 7, 34, 3
2021/4/9, 10, 3, 34, 2
2021/4/10, 8, 3, 30, 3
2021/4/11, 5, 1, 35, 4
2021/4/12, 7, 2, 37, 3
2021/4/13, 7, 12, 36, 13
2021/4/14, 11, 14, 35, 10
2021/4/15, 10, 13, 36, 8
2021/4/16, 11, 4, 34, 2
2021/4/17, 10, 4, 39, 2
2021/4/18, 10, 10, 39, 5
2021/4/19, 10, 12, 36, 10
2021/4/20, 13, 13, 41, 4
2021/4/21, 18, 7, 38, 2
2021/4/22, 7, 5, 48, 4
2021/4/23, 8, 3, 37, 3
2021/4/24, 7, 3, 38, 1
2021/4/25, 4, 5, 41, 6
2021/4/26, 5, 25, 40, 11
2021/4/27, 8, 37, 41, 10
2021/4/28, 8, 11, 43, 3
2021/4/29, 10, 6, 43, 3
2021/4/30, 7, 7, 43, 5
2021/5/1, 14, 7, 50, 4
2021/5/2, 15, 5, 44, 4
2021/5/3, 8, 3, 38, 3
2021/5/4, 11, 1, 33, 5
2021/5/5, 4, 2, 32, 5
2021/5/6, 3, 5, 39, 7
2021/5/7, 7, 7, 46, 4
2021/5/8, 11, 5, 49, 1
2021/5/9, 15, 6, 45, 3
2021/5/10, 19, 1, 39, 7
2021/5/11, 8, 3, 32, 5
2021/5/12, 14, , , 
2021/1/4, 6, 4, 14, 3
2021/1/5, 12, 4, 16, 1
2021/1/6, 13, 5, 15, 4
2021/1/7, 17, 3, 14, 5
2021/1/8, 12, 5, 13, 4
2021/1/9, 22, 8, 22, 4
2021/1/10, 22, 6, 25, 2
2021/1/11, 12, 6, 22, 10
2021/1/12, 11, 7, 19, 12
2021/1/13, 17, 7, 21, 4
2021/1/14, 20, 10, 17, 10
2021/1/15, 24, 11, 14, 13
2021/1/16, 34, 5, 17, 3
2021/1/17, 21, 13, 17, 6
2021/1/18, 46, 5, 15, 7
2021/1/19, 18, 3, 19, 4
2021/1/20, 12, 9, 25, 3
2021/1/21, 23, 6, 23, 4
2021/1/22, 14, , , 
2021/1/24, 22, 10, 13, 12
2021/1/25, 24, 7, 20, 7
2021/1/26, 15, 13, 14, 17
2021/1/27, 36, 8, 18, 8
2021/1/28, 19, 6, 15, 16
2021/1/29, 23, , , 
2021/2/1, 28, 11, 16, 14
2021/2/2, 33, 5, 17, 6
2021/2/3, 21, 6, 22, 4
2021/2/4, 22, 9, 20, 13
2021/2/5, 27, 7, 24, 9
2021/2/6, 24, 5, 26, 6
2021/2/7, 19, 5, 28, 8
2021/2/8, 14, 5, 27, 4
2021/2/9, 10, , , 
2021/2/11, 20, 30, 12, 25
2021/2/12, 40, 20, 23, 17
2021/2/13, 41, 15, 22, 18
2021/2/14, 47, 13, 27, 5
2021/2/15, 29, 7, 28, 4
2021/2/16, 28, 13, 28, 4
2021/2/17, 51, 12, 29, 3
2021/2/18, 48, 16, 24, 5
2021/2/19, 51, 15, 21, 6
2021/2/20, 42, 20, 19, 6
2021/2/21, 53, 25, 23, 11
2021/2/22, 66, 19, 23, 8
2021/2/23, 55, 26, 27, 5
2021/2/24, 63, 18, 33, 6
2021/2/25, 42, 17, 36, 4
2021/2/26, 20, 20, 32, 15
2021/2/27, 37, 11, 29, 7
2021/2/28, 29, 12, 41, 8
2021/3/1, 28, 12, 44, 9
2021/3/2, 27, 10, 43, 3
2021/3/3, 38, 19, 43, 6
2021/3/4, 18, 20, 47, 13
2021/3/5, 19, 10, 51, 4
2021/3/6, 14, 13, 49, 3
2021/3/7, 15, 24, 43, 16
2021/3/8, 23, 18, 42, 13
2021/3/9, 27, 18, 47, 8
2021/3/10, 29, 6, 47, 3
2021/3/11, 11, 15, 45, 7
2021/3/12, 12, 7, 46, 2
2021/3/13, 11, 4, 47, 3
2021/3/14, 11, 3, 45, 9
2021/3/15, 6, 16, 40, 9
2021/3/16, 5, 19, 50, 12
2021/3/17, 13, 20, 47, 15
2021/3/18, 10, 13, 47, 6
2021/3/19, 6, 7, 48, 3
2021/3/20, 11, 6, 58, 2
2021/3/21, 7, 7, 44, 12
2021/3/22, 6, 7, 48, 6
2021/3/23, 9, 8, 50, 3
2021/3/24, 26, , , 
2020/10/1, 27, 51, 23, 3
2020/10/2, 66, 42, 20, 2
2020/10/3, 74, 11, 17, 2
2020/10/4, 38, 6, 17, 4
2020/10/5, 13, 8, 20, 4
2020/10/6, 20, 7, 22, 3
2020/10/7, 20, 7, 22, 2
2020/10/8, 14, 7, 24, 1
2020/10/9, 13, , , 
2020/10/19, 25, 11, 18, 6
2020/10/20, 34, 19, 11, 5
2020/10/21, 51, 5, 23, 3
2020/10/22, 14, 12, 33, 5
2020/10/23, 19, 9, 20, 3
2020/10/24, 21, 9, 23, 1
2020/10/25, 22, 8, 19, 4
2020/10/26, 21, 10, 20, 3
2020/10/27, 25, 11, 21, 2
2020/10/28, 22, 10, 20, 9
2020/10/29, 22, 8, 15, 9
2020/10/30, 16, 9, 21, 2
2020/10/31, 19, 10, 20, 1
2020/11/1, 25, 5, 22, 1
2020/11/2, 13, 8, 24, 3
2020/11/3, 13, 10, 21, 3
2020/11/4, 18, 14, 22, 3
2020/11/5, 21, 16, 21, 7
2020/11/6, 23, 10, 21, 2
2020/11/7, 18, 15, 19, 6
2020/11/8, 33, 10, 19, 6
2020/11/9, 21, 8, 15, 6
2020/11/10, 19, 16, 16, 3
2020/11/11, 46, 8, 11, 3
2020/11/12, 24, 10, 17, 3
2020/11/13, 31, 12, 20, 3
2020/11/14, 26, 13, 17, 2
2020/11/15, 39, 9, 22, 2
2020/11/16, 22, 8, 21, 2
2020/11/17, 13, 9, 19, 1
2020/11/18, 18, 10, 24, 3
2020/11/19, 19, 13, 25, 12
2020/11/20, 16, 7, 25, 1
2020/11/21, 13, 14, 25, 1
2020/11/22, 19, 9, 24, 2
2020/11/23, 13, 8, 20, 2
2020/11/24, 13, 17, 19, 4
2020/11/25, 44, 14, 16, 10
2020/11/26, 31, 16, 2, 19
2020/11/27, 37, 4, 16, 5
2020/11/28, 18, 3, 17, 4
2020/11/29, 12, 6, 16, 4
2020/11/30, 22, 9, 16, 6
2020/12/1, 33, 13, 9, 6
2020/12/2, 48, 27, 14, 3
2020/12/3, 79, 17, 12, 5
2020/12/4, 61, 17, 12, 5
2020/12/5, 61, 18, 14, 5
2020/12/6, 59, 14, 15, 2
2020/12/7, 48, 9, 13, 3
2020/12/8, 35, 12, 9, 3
2020/12/9, 46, , , 
2020/12/11, 28, 8, 13, 2
2020/12/12, 29, , , 
2020/12/14, 23, 10, 11, 5
2020/12/15, 38, 13, 14, 9
2020/12/16, 30, 10, 22, 5
2020/12/17, 32, 13, 19, 4
2020/12/18, 27, 13, 15, 4
2020/12/19, 44, 15, 11, 5
2020/12/20, 50, 15, 21, 4
2020/12/21, 40, 7, 22, 4
2020/12/22, 17, 13, 22, 8
2020/12/23, 18, 4, 17, 5
2020/12/24, 9, 6, 20, 7
2020/12/25, 15, 9, 23, 6
2020/12/26, 27, 4, 22, 1
2020/12/27, 12, 6, 20, 2
2020/12/28, 24, 8, 11, 5
2020/12/29, 31, 6, 12, 5
2020/12/30, 24, 3, 16, 2
2020/12/31, 11, 8, 16, 3
2021/1/1, 30, 8, 11, 7
2021/1/2, 30, 3, 17, 3
2021/1/3, 12, 4, 18, 4
2020/7/1, 13, 7, 22, 1
2020/7/2, 9, 7, 23, 1
2020/7/3, 12, 5, 20, 1
2020/7/4, 11, 7, 22, 
2020/7/5, 14, 10, 19, 1
2020/7/6, 14, 7, 18, 1
2020/7/7, 8, 5, 18, 1
2020/7/8, 8, 9, 23, 1
2020/7/9, 17, 7, 22, 3
2020/7/10, 15, 7, 21, 1
2020/7/11, 12, 9, 20, 
2020/7/12, 14, 9, 23, 1
2020/7/13, 14, 7, 29, 2
2020/7/14, 23, 8, 22, 3
2020/7/15, 26, 9, 23, 6
2020/7/16, 15, 6, 23, 4
2020/7/17, 17, 6, 29, 1
2020/7/18, 16, 10, 31, 3
2020/7/19, 25, 8, 19, 2
2020/7/20, 18, 7, 20, 1
2020/7/21, 9, 10, 17, 5
2020/7/22, 13, 8, 25, 2
2020/7/23, 15, 3, 20, 3
2020/7/24, 10, 6, 24, 2
2020/7/25, 13, 6, 21, 1
2020/7/26, 17, 7, 20, 1
2020/7/27, 13, 6, 19, 1
2020/7/28, 14, 8, 19, 1
2020/7/29, 12, 11, 18, 1
2020/7/30, 13, 7, 19, 3
2020/7/31, 14, 7, 23, 3
2020/8/1, 19, 6, 21, 2
2020/8/2, 14, 8, 19, 3
2020/8/3, 11, 9, 21, 2
2020/8/4, 14, 7, 26, 2
2020/8/5, 23, 12, 39, 3
2020/8/6, 28, 17, 40, 4
2020/8/7, 43, 14, 34, 5
2020/8/8, 38, 14, 30, 9
2020/8/9, 39, 13, 21, 11
2020/8/10, 36, 13, 23, 4
2020/8/11, 29, 9, 20, 4
2020/8/12, 22, 12, 22, 6
2020/8/13, 29, 15, 30, 9
2020/8/14, 31, 16, 35, 9
2020/8/15, 41, 15, 31, 10
2020/8/16, 42, 21, 38, 11
2020/8/17, 47, 23, 39, 10
2020/8/18, 49, 15, 32, 6
2020/8/19, 45, 10, 29, 3
2020/8/20, 28, 9, 30, 1
2020/8/21, 27, 13, 25, 1
2020/8/22, 21, 8, 23, 
2020/8/23, 13, 8, 20, 1
2020/8/24, 13, , , 
2020/9/1, 19, 12, 19, 6
2020/9/2, 21, 13, 24, 8
2020/9/3, 27, 9, 21, 4
2020/9/4, 16, 9, 20, 2
2020/9/5, 16, 7, 21, 2
2020/9/6, 9, 10, 23, 5
2020/9/7, 16, 12, 21, 1
2020/9/8, 22, 10, 18, 2
2020/9/9, 14, 7, 20, 1
2020/9/10, 10, 9, 26, 2
2020/9/11, 15, 11, 24, 1
2020/9/12, 19, 10, 23, 1
2020/9/13, 16, 15, 20, 3
2020/9/14, 30, 15, 19, 11
2020/9/15, 45, 11, 19, 9
2020/9/16, 20, 5, 20, 6
2020/9/17, 8, 25, 17, 10
2020/9/18, 18, 83, 13, 6
2020/9/19, 24, 94, 18, 3
2020/9/20, 27, 39, 22, 2
2020/9/21, 28, 11, 26, 2
2020/9/22, 32, 27, 36, 4
2020/9/23, 71, 22, 32, 3
2020/9/24, 52, 10, 22, 4
2020/9/25, 18, 4, 23, 1
2020/9/26, 12, 15, 17, 1
2020/9/27, 43, 29, 15, 4
2020/9/28, 51, 10, 22, 4
2020/9/29, 27, 10, 20, 3
2020/9/30, 32, 12, 19, 4
2020/4/1, 17, 19, 30, 3
2020/4/2, 24, 10, 30, 
2020/4/3, 13, 6, 29, 1
2020/4/4, 13, 14, 33, 2
2020/4/5, 39, 16, 39, 2
2020/4/6, 39, 19, 28, 4
2020/4/7, 42, 16, 26, 6
2020/4/8, 31, 10, 25, 4
2020/4/9, 21, 9, 27, 7
2020/4/10, 19, 10, 27, 5
2020/4/11, 23, 17, 28, 2
2020/4/12, 41, 5, 27, 1
2020/4/13, 11, 8, 28, 3
2020/4/14, 12, 15, 30, 3
2020/4/15, 22, 12, 30, 1
2020/4/16, 21, 11, 29, 8
2020/4/17, 15, 7, 29, 5
2020/4/18, 14, 8, 28, 6
2020/4/19, 19, 17, 23, 12
2020/4/20, 24, 19, 29, 9
2020/4/21, 20, 22, 30, 12
2020/4/22, 29, 14, 28, 12
2020/4/23, 27, 20, 28, 8
2020/4/24, 28, 5, 31, 2
2020/4/25, 9, 9, 31, 3
2020/4/26, 24, 9, 28, 4
2020/4/27, 25, 6, 24, 10
2020/4/28, 16, 4, 24, 2
2020/4/29, 12, 5, 26, 1
2020/4/30, 15, , , 
2020/5/5, 13, 10, 31, 4
2020/5/6, 16, 13, 29, 6
2020/5/7, 20, 16, 34, 3
2020/5/8, 35, 9, 29, 5
2020/5/9, 18, 12, 25, 4
2020/5/10, 26, , , 
2020/5/20, 10, 9, 26, 7
2020/5/21, 19, 12, 33, 5
2020/5/22, 30, 13, 28, 1
2020/5/23, 33, 11, 25, 1
2020/5/24, 21, 12, 23, 4
2020/5/25, 24, 13, 26, 9
2020/5/26, 31, 10, 24, 4
2020/5/27, 22, 10, 25, 6
2020/5/28, 19, 9, 26, 7
2020/5/29, 17, 13, 26, 4
2020/5/30, 23, 7, 25, 2
2020/5/31, 15, 14, 26, 6
2020/6/1, 25, 13, 30, 8
2020/6/2, 24, 11, 25, 8
2020/6/3, 24, 10, 28, 1
2020/6/4, 17, 6, 27, 2
2020/6/5, 17, 7, 27, 2
2020/6/6, 19, 8, 31, 
2020/6/7, 16, 9, 26, 4
2020/6/8, 23, 11, 27, 5
2020/6/9, 20, 13, 28, 6
2020/6/10, 25, 22, 26, 4
2020/6/11, 28, 11, 27, 2
2020/6/12, 20, 8, 27, 1
2020/6/13, 27, 9, 28, 2
2020/6/14, 25, 13, 30, 5
2020/6/15, 32, 22, 31, 10
2020/6/16, 37, 11, 23, 4
2020/6/17, 31, 11, 26, 5
2020/6/18, 34, 10, 28, 3
2020/6/19, 32, 12, 27, 3
2020/6/20, 38, , , 
2020/6/22, 26, 13, 26, 2
2020/6/23, 21, 15, 28, 6
2020/6/24, 33, 17, 30, 9
2020/6/25, 37, 16, 32, 9
2020/6/26, 41, 17, 37, 5
2020/6/27, 49, 12, 33, 1
2020/6/28, 43, 9, 29, 1
2020/6/29, 14, 6, 23, 1
2020/6/30, 11, 9, 22, 2
2020/1/1, 21, 27, 22, 2
2020/1/2, 64, 11, 28, 2
2020/1/3, 21, 10, 32, 1
2020/1/4, 13, 10, 23, 9
2020/1/5, 19, 10, 24, 2
2020/1/6, 22, 15, 23, 3
2020/1/7, 41, 18, 22, 5
2020/1/8, 33, 15, 24, 5
2020/1/9, 21, 3, 18, 7
2020/1/10, 9, 12, 24, 3
2020/1/11, 30, 10, 24, 3
2020/1/12, 16, 10, 22, 5
2020/1/13, 15, 10, 26, 3
2020/1/14, 23, 7, 28, 3
2020/1/15, 17, 16, 26, 2
2020/1/16, 26, 15, 20, 5
2020/1/17, 40, 11, 24, 4
2020/1/18, 31, 9, 25, 8
2020/1/19, 20, 16, 22, 10
2020/1/20, 30, 16, 26, 6
2020/1/21, 27, 20, 30, 9
2020/1/22, 21, 12, 22, 12
2020/1/23, 20, 10, 26, 6
2020/1/24, 19, 11, 29, 3
2020/1/25, 17, 11, 22, 1
2020/1/26, 28, 16, 19, 4
2020/1/27, 49, 7, 28, 5
2020/1/28, 25, 5, 27, 4
2020/1/29, 14, 3, 24, 5
2020/1/30, 6, 5, 24, 7
2020/1/31, 13, 11, 26, 2
2020/2/1, 23, 7, 25, 1
2020/2/2, 13, 14, 20, 16
2020/2/3, 19, 5, 22, 7
2020/2/4, 11, 13, 25, 10
2020/2/5, 20, 13, 25, 7
2020/2/6, 17, 10, 23, 11
2020/2/7, 25, 10, 22, 1
2020/2/8, 33, 14, 24, 2
2020/2/9, 42, 14, 29, 3
2020/2/10, 17, 9, 27, 3
2020/2/11, 11, 14, 27, 2
2020/2/12, 19, 10, 27, 7
2020/2/13, 12, 18, 22, 13
2020/2/14, 33, 12, 21, 3
2020/2/15, 37, 10, 32, 1
2020/2/16, 23, 13, 31, 1
2020/2/17, 23, 14, 27, 2
2020/2/18, 20, 10, 27, 7
2020/2/19, 18, 9, 22, 4
2020/2/20, 19, 14, 27, 3
2020/2/21, 22, 10, 29, 1
2020/2/22, 16, 20, 28, 1
2020/2/23, 27, 9, 23, 5
2020/2/24, 14, 4, 23, 6
2020/2/25, 9, 7, 25, 6
2020/2/26, 7, 10, 22, 13
2020/2/27, 13, 8, 34, 8
2020/2/28, 20, 8, 22, 2
2020/2/29, 20, 9, 27, 1
2020/3/1, 17, 14, 26, 3
2020/3/2, 24, 6, 16, 6
2020/3/3, 9, 5, 18, 8
2020/3/4, 16, 6, 23, 8
2020/3/5, 14, 12, 19, 11
2020/3/6, 16, 12, 19, 6
2020/3/7, 32, 18, 23, 2
2020/3/8, 53, 11, 23, 4
2020/3/9, 31, 7, 23, 3
2020/3/10, 21, 19, 27, 3
2020/3/11, 26, 9, 27, 2
2020/3/12, 13, 7, 23, 7
2020/3/13, 8, 10, 28, 8
2020/3/14, 15, 12, 27, 2
2020/3/15, 30, 9, 24, 7
2020/3/16, 21, 9, 26, 2
2020/3/17, 18, 10, 26, 4
2020/3/18, 17, 13, 26, 4
2020/3/19, 15, 15, 23, 8
2020/3/20, 14, 12, 27, 10
2020/3/21, 17, 9, 28, 5
2020/3/22, 17, 8, 28, 2
2020/3/23, 18, 15, 29, 2
2020/3/24, 36, 20, 32, 2
2020/3/25, 53, 26, 34, 5
2020/3/26, 67, 33, 29, 17
2020/3/27, 65, 30, 29, 11
2020/3/28, 50, 10, 29, 
2020/3/29, 6, 13, 26, 6
2020/3/30, 8, 18, 29, 12
2020/3/31, 20, 13, 30, 4
2019/10/3, 11, 4, 15, 5
2019/10/4, 11, 3, 26, 6
2019/10/5, 9, 4, 24, 8
2019/10/6, 12, 14, 20, 16
2019/10/7, 26, 8, 20, 6
2019/10/8, 20, 10, 26, 7
2019/10/9, 24, 8, 27, 4
2019/10/10, 18, 8, 29, 3
2019/10/11, 16, 10, 31, 2
2019/10/12, 16, 11, 29, 2
2019/10/13, 16, 7, 26, 5
2019/10/14, 15, 5, 17, 7
2019/10/15, 10, 10, 15, 9
2019/10/16, 24, 8, 16, 8
2019/10/17, 25, 7, 24, 6
2019/10/18, 16, 11, 33, 2
2019/10/19, 23, 11, 25, 2
2019/10/20, 28, 7, 14, 5
2019/10/21, 18, 6, 30, 5
2019/10/22, 16, 11, 29, 3
2019/10/23, 18, 16, 23, 3
2019/10/24, 47, 15, 30, 3
2019/10/25, 44, 7, 26, 4
2019/10/26, 17, 4, 32, 4
2019/10/27, 12, 6, 18, 11
2019/10/28, 14, 13, 17, 15
2019/10/29, 19, 17, 38, 13
2019/10/30, 26, 12, 17, 18
2019/10/31, 25, 8, 25, 7
2019/11/1, 15, 14, 14, 10
2019/11/2, 29, 16, 8, 17
2019/11/3, 31, , , 
2019/11/6, 15, 10, 13, 9
2019/11/7, 16, 8, 10, 7
2019/11/8, 20, 6, 9, 7
2019/11/9, 14, 5, 13, 2
2019/11/10, 14, 6, 17, 4
2019/11/11, 18, 11, 21, 3
2019/11/12, 38, 10, 16, 4
2019/11/13, 30, 9, 15, 6
2019/11/14, 32, 9, 30, 4
2019/11/15, 28, 6, 28, 4
2019/11/16, 21, 5, 13, 4
2019/11/17, 18, , 15, 2
2019/11/25, 33, 8, 10, 4
2019/11/26, 30, 10, 10, 6
2019/11/27, 35, 5, 10, 8
2019/11/28, 19, 5, 18, 9
2019/11/29, 10, 20, 4, 26
2019/11/30, 36, 11, 23, 13
2019/12/1, 34, 11, 4, 23
2019/12/2, 28, , , 
2019/12/9, 11, 7, 25, 7
2019/12/10, 16, 13, 22, 4
2019/12/11, 27, 13, 19, 7
2019/12/12, 27, 7, 21, 3
2019/12/13, 16, , , 
2019/7/8, 17, 5, 25, 1
2019/7/9, 15, , , 
2019/7/19, 35, 9, 42, 3
2019/7/20, 27, 9, 35, 2
2019/7/21, 24, 9, 24, 3
2019/7/22, 17, 9, 27, 3
2019/7/23, 14, 13, 14, 7
2019/7/24, 24, , , 
2019/8/1, 24, 4, 20, 6
2019/8/2, 11, , , 
2019/8/7, 27, 7, 30, 5
2019/8/8, 20, 7, 10, 9
2019/8/9, 18, , , 
2019/8/12, 18, 7, 29, 4
2019/8/13, 12, 7, 32, 4
2019/8/14, 12, 7, 37, 4
2019/8/15, 15, 6, 33, 4
2019/8/16, 13, 8, 33, 3
2019/8/17, 19, 10, 29, 2
2019/8/18, 23, 9, 31, 3
2019/8/19, 21, 10, 31, 2
2019/8/20, 19, 8, 34, 4
2019/8/21, 17, 9, 46, 4
2019/8/22, 21, 11, 40, 4
2019/8/23, 25, 11, 25, 6
2019/8/24, 25, 10, 31, 9
2019/8/25, 27, 16, 36, 15
2019/8/26, 42, 13, 30, 8
2019/8/27, 38, 14, 25, 8
2019/8/28, 44, , 12, 11
2019/9/8, 13, 5, 18, 7
2019/9/9, 10, 6, 19, 9
2019/9/10, 15, 8, 24, 5
2019/9/11, 23, , 11, 8
2019/9/21, 20, 11, 21, 3
2019/9/22, 27, 6, 23, 
2019/9/23, 18, , 24, 1
2019/4/1, 19, 12, 41, 3
2019/4/2, 21, 25, 35, 6
2019/4/3, 41, 33, 40, 8
2019/4/4, 64, 35, 38, 8
2019/4/5, 71, 30, 39, 9
2019/4/6, 68, 28, 37, 7
2019/4/7, 63, 14, 37, 8
2019/4/8, 29, 15, 36, 6
2019/4/9, 31, 14, 31, 7
2019/4/10, 26, 15, 34, 13
2019/4/11, 25, 15, 38, 13
2019/4/12, 23, 11, 39, 6
2019/4/13, 19, 9, 40, 4
2019/4/14, 18, 13, 39, 10
2019/4/15, 19, 16, 38, 8
2019/4/16, 20, 22, 37, 15
2019/4/17, 34, 21, 44, 14
2019/4/18, 30, 18, 42, 13
2019/4/19, 38, 17, 53, 10
2019/4/20, 42, 22, 47, 14
2019/4/21, 57, 23, 44, 11
2019/4/22, 55, 22, 54, 5
2019/4/23, 43, 30, 52, 3
2019/4/24, 56, 30, 37, 6
2019/4/25, 59, 32, 38, 13
2019/4/26, 67, 23, 35, 9
2019/4/27, 57, 14, 28, 9
2019/4/28, 45, 19, 44, 9
2019/4/29, 53, 21, 41, 10
2019/4/30, 54, 17, 37, 4
2019/5/1, 50, 14, 37, 4
2019/5/2, 25, 9, 42, 5
2019/5/3, 20, 7, 43, 4
2019/5/4, 16, , , 
2019/5/6, 15, 6, 29, 4
2019/5/7, 14, 8, 32, 3
2019/5/8, 18, 9, 31, 5
2019/5/9, 29, 11, 37, 4
2019/5/10, 38, 11, 34, 3
2019/5/11, 23, 8, 32, 3
2019/5/12, 17, 16, 30, 11
2019/5/13, 20, 16, 29, 12
2019/5/14, 26, 15, 30, 3
2019/5/15, 32, 13, 31, 8
2019/5/16, 24, , , 
2019/5/20, 47, 21, 27, 11
2019/5/21, 56, 17, 40, 9
2019/5/22, 51, 11, 46, 3
2019/5/23, 27, 11, 35, 3
2019/5/24, 29, 12, 35, 3
2019/5/25, 25, 9, 39, 2
2019/5/26, 19, 7, 31, 4
2019/5/27, 17, 9, 38, 2
2019/5/28, 18, 9, 33, 2
2019/5/29, 15, 9, 34, 3
2019/5/30, 21, 9, 31, 4
2019/5/31, 23, 11, 25, 4
2019/6/1, 28, 11, 29, 2
2019/6/2, 26, 10, 31, 5
2019/6/3, 31, 12, 28, 10
2019/6/4, 32, 15, 48, 10
2019/6/5, 40, 19, 50, 4
2019/6/6, 54, 11, 36, 6
2019/6/7, 30, 9, 48, 4
2019/6/8, 26, 11, 38, 7
2019/6/9, 23, 12, 37, 4
2019/6/10, 27, 11, , 
2019/6/11, 25, , , 
2019/6/22, 23, 3, 32, 2
2019/6/23, 17, 4, 33, 9
2019/6/24, 21, 5, 43, 7
2019/6/25, 24, 9, 42, 7
2019/6/26, 37, 6, 30, 7
2019/6/27, 38, 4, 31, 10
2019/6/28, 26, 6, 37, 5
2019/6/29, 27, 6, 30, 9
2019/6/30, 27, , , 
2019/3/19, 12, 15, 30, 7
2019/3/20, 24, 19, 24, 5
2019/3/21, 36, 10, 25, 8
2019/3/22, 23, 20, 36, 2
2019/3/23, 51, 18, 33, 3
2019/3/24, 32, 10, 30, 7
2019/3/25, 16, 13, 33, 6
2019/3/26, 16, 12, 29, 7
2019/3/27, 18, 14, 28, 6
2019/3/28, 26, 18, 33, 5
2019/3/29, 39, 25, 35, 4
2019/3/30, 58, 15, 41, 2
2019/3/31, 37, 12, 30, 7
2025/4/1, , 21, , 8
2024/12/31, , 8, , 1
2025/2/13, , 28, , 8
2024/11/25, , 12, , 1
2024/9/3, , 51, , 5
2024/5/7, , 12, , 4
2023/10/10, , 14, , 2
2023/5/1, , 8, , 4
2022/11/6, , 10, , 2
2022/7/3, , 7, , 3
2022/8/16, , 18, , 3
2022/3/31, , 17, , 4
2022/4/3, , 2, , 5
2022/5/22, , 11, , 1
2022/2/27, , 2, , 3
2022/3/17, , 17, , 6
2021/10/26, , 8, , 2
2021/8/19, , 5, , 3
2021/4/5, , 4, 27, 2
2021/1/23, , 8, 15, 3
2021/1/31, , 8, 20, 11
2021/2/10, , 16, 21, 17
2020/10/18, , 15, 12, 15
2020/12/10, , 10, 8, 5
2020/12/13, , 4, 11, 3
2020/8/31, , 13, 17, 6
2020/5/4, , 14, 28, 4
2020/5/19, , 5, 26, 6
2020/6/21, , 10, 25, 3
2019/12/31, , 14, 27, 3
2019/10/2, , 7, 16, 7
2019/11/5, , 10, 16, 8
2019/12/8, , 8, 26, 4
2019/7/7, , 7, 31, 2
2019/7/18, , 12, 35, 4
2019/7/31, , 7, 27, 2
2019/8/6, , 11, 33, 4
2019/8/11, , 10, 33, 2
2019/9/7, , 5, 21, 6
2019/9/20, , 11, 24, 7
2019/5/5, , 8, 35, 3
2019/5/19, , 14, 23, 8
2019/6/21, , 3, 29, 1
2019/3/18, , 12, 35, 8
2015/7/1, , 65, 32, 9
2015/7/2, , 8, 50, 5
2015/7/3, , 14, 41, 9
2015/7/4, , 16, 46, 11
2015/7/5, , 12, 39, 5
2015/7/6, , 14, 42, 3
2015/7/7, , 12, 41, 4
2015/7/8, , 9, 23, 4
2015/7/9, , 6, 21, 3
2015/7/10, , 1, , 
2015/4/1, , 9, 33, 11
2015/4/2, , 11, 33, 11
2015/4/3, , 9, 34, 11
2015/4/4, , 9, 34, 14
2015/4/5, , 18, 33, 13
2015/4/6, , 14, 33, 8
2015/4/7, , 13, 34, 13
2015/4/8, , 14, 25, 18
2015/4/9, , 23, 39, 7
2015/4/10, , 16, 56, 5
2015/4/11, , 34, 35, 6
2015/4/12, , 17, 32, 4
2015/4/13, , 8, 33, 8
2015/4/14, , 11, 36, 10
2015/4/15, , 13, 35, 5
2015/4/16, , 9, 29, 15
2015/4/17, , 10, 37, 13
2015/4/18, , 10, 34, 5
2015/4/19, , 6, 40, 14
2015/4/20, , 13, 34, 17
2015/4/21, , 15, 36, 19
2015/4/22, , 16, 34, 5
2015/4/23, , 14, 35, 6
2015/4/24, , 12, 34, 6
2015/4/25, , 28, 31, 5
2015/4/26, , 10, 30, 10
2015/4/27, , 10, 28, 7
2015/4/28, , 9, 27, 9
2015/4/29, , 10, 32, 8
2015/4/30, , 8, 29, 13
2015/5/1, , 10, 27, 11
2015/5/2, , 7, 35, 12
2015/5/3, , 10, 34, 13
2015/5/4, , 11, 27, 9
2015/5/5, , 15, 38, 7
2015/5/6, , 17, 33, 6
2015/5/7, , 10, 34, 5
2015/5/8, , 12, 32, 6
2015/5/9, , 10, 34, 4
2015/5/10, , 9, 40, 5
2015/5/11, , 12, 32, 9
2015/5/12, , 16, 30, 7
2015/5/13, , 13, 30, 10
2015/5/14, , 8, 31, 12
2015/5/15, , 7, 36, 5
2015/5/16, , 11, 35, 2
2015/5/17, , 11, 33, 5
2015/5/18, , 9, 36, 4
2015/5/19, , 8, 33, 5
2015/5/20, , 11, 32, 9
2015/5/21, , 10, 33, 5
2015/5/22, , 13, 36, 4
2015/5/23, , 13, 37, 4
2015/5/24, , 14, 31, 5
2015/5/25, , 10, 28, 6
2015/5/26, , 9, 32, 5
2015/5/27, , 12, 33, 7
2015/5/28, , 11, 32, 5
2015/5/29, , 10, 34, 4
2015/5/30, , 9, 37, 3
2015/5/31, , 9, 33, 5
2015/6/1, , 11, 35, 6
2015/6/2, , 11, 33, 7
2015/6/3, , 14, 31, 5
2015/6/4, , 14, 40, 8
2015/6/5, , 11, 37, 5
2015/6/6, , 15, 34, 3
2015/6/7, , 14, 30, 6
2015/6/8, , 12, 33, 11
2015/6/9, , 10, 29, 8
2015/6/10, , 13, 27, 5
2015/6/11, , 12, 37, 5
2015/6/12, , 16, 30, 5
2015/6/13, , 11, 31, 3
2015/6/14, , 10, 29, 2
2015/6/15, , 9, 30, 3
2015/6/16, , 12, 29, 4
2015/6/17, , 8, 23, 2
2015/6/18, , 11, 29, 4
2015/6/19, , 8, 29, 5
2015/6/20, , 7, 32, 1
2015/6/21, , 10, 30, 4
2015/6/22, , 8, 34, 8
2015/6/23, , 9, 32, 4
2015/6/24, , 15, 30, 3
2015/6/25, , 11, 28, 5
2015/6/26, , 9, 31, 7
2015/6/27, , 9, 28, 2
2015/6/28, , 12, 28, 3
2015/6/29, , 13, 26, 3
2015/6/30, , 11, 24, 8
2015/3/2, , 10, 31, 13
2015/3/3, , 11, 31, 12
2015/3/4, , 10, 31, 29
2015/3/5, , 14, 30, 10
2015/3/6, , 14, 30, 6
2015/3/7, , 22, 28, 6
2015/3/8, , 27, 26, 13
2015/3/9, , 13, 34, 8
2015/3/10, , 22, 32, 15
2015/3/11, , 16, 25, 16
2015/3/12, , 16, 26, 17
2015/3/13, , 16, 29, 9
2015/3/14, , 10, 28, 7
2015/3/15, , 12, 28, 10
2015/3/16, , 19, 38, 10
2015/3/17, , 26, 37, 16
2015/3/18, , 28, 20, 31
2015/3/19, , 38, 27, 17
2015/3/20, , 26, 30, 7
2015/3/21, , 10, 33, 11
2015/3/22, , 11, 35, 4
2015/3/23, , 17, 20, 16
2015/3/24, , 15, 30, 13
2015/3/25, , 9, 32, 11
2015/3/26, , 13, 28, 19
2015/3/27, , 14, 36, 6
2015/3/28, , 11, 32, 5
2015/3/29, , 11, 30, 7
2015/3/30, , 7, 34, 10
2015/3/31, , 11, 33, 5
2019/9/6, , , 26, 3
2019/9/24, , , 27, 
2015/3/1, , , 21, 13
2025/2/12, , , , 3
2024/11/23, , , , 1
2024/11/24, , , , 2
2024/8/4, , , , 3
2024/8/5, , , , 4
2024/8/6, , , , 1
2024/8/7, , , , 2
2024/8/8, , , , 2
2024/8/9, , , , 1
2024/8/10, , , , 
2024/8/11, , , , 4
2024/8/12, , , , 3
2024/8/13, , , , 1
2024/8/14, , , , 2
2024/8/15, , , , 1
2024/8/16, , , , 2
2024/8/17, , , , 2
2024/8/18, , , , 2
2024/8/19, , , , 1
2024/8/20, , , , 3
2024/8/21, , , , 1
2024/8/22, , , , 1
2024/8/23, , , , 1
2024/8/24, , , , 4
2024/8/25, , , , 1
2024/8/26, , , , 1
2024/8/27, , , , 2
2024/8/28, , , , 2
2024/8/29, , , , 3
2024/8/30, , , , 3
2024/8/31, , , , 4
2024/9/1, , , , 4
2024/9/2, , , , 1
2021/10/4, , , , 3
2021/10/7, , , , 7
2021/10/10, , , , 3
2021/10/11, , , , 10
2021/10/12, , , , 9
2021/10/13, , , , 4
2021/10/14, , , , 2
2021/10/15, , , , 1
2021/10/16, , , , 4
2021/10/17, , , , 8
2021/10/18, , , , 4
2021/10/19, , , , 2
2021/10/20, , , , 2
2021/10/21, , , , 1
2021/10/22, , , , 5
2021/10/23, , , , 1
2021/10/24, , , , 3
2021/10/25, , , , 6