date, pm25, pm10, no2
2025/11/1, 26, 10, 3
2025/11/2, 26, 9, 4
2025/11/3, 20, 11, 3
2025/11/4, 29, 10, 5
2025/11/5, 28, 15, 8
2025/11/6, 33, 21, 5
2025/11/7, 52, 24, 4
2025/11/8, 67, 16, 3
2025/11/9, 48, 17, 4
2025/11/10, 45, 13, 4
2025/11/11, 40, 12, 3
2025/11/12, 35, 6, 7
2025/11/13, 20, 8, 14
2025/11/14, 15, 8, 9
2025/11/15, 18, 8, 10
2025/11/16, 18, 18, 18
2025/11/17, 23, 9, 11
2025/11/18, 21, , 
2025/10/1, 17, 10, 6
2025/10/2, 26, 7, 1
2025/10/3, 18, 7, 
2025/10/4, 16, 8, 
2025/10/5, 18, 7, 10
2025/10/6, 13, 7, 5
2025/10/7, 19, 12, 6
2025/10/8, 24, 14, 4
2025/10/9, 30, 19, 6
2025/10/10, 39, 15, 6
2025/10/11, 29, 9, 6
2025/10/12, 16, 15, 13
2025/10/13, 21, 13, 13
2025/10/14, 23, 11, 8
2025/10/15, 25, 16, 12
2025/10/16, 22, 11, 11
2025/10/17, 17, 8, 7
2025/10/18, 14, 5, 2
2025/10/19, 9, 7, 2
2025/10/20, 15, 12, 2
2025/10/21, 42, 10, 3
2025/10/22, 32, 6, 3
2025/10/23, 15, 6, 3
2025/10/24, 15, 9, 1
2025/10/25, 20, 4, 1
2025/10/26, 10, 8, 10
2025/10/27, 11, 11, 6
2025/10/28, 17, 14, 6
2025/10/29, 21, 4, 11
2025/10/30, 8, 9, 9
2025/10/31, 12, 8, 2
2025/7/1, 44, 15, 6
2025/7/2, 32, 15, 5
2025/7/3, 30, 11, 7
2025/7/4, 22, 7, 1
2025/7/5, 20, 9, 1
2025/7/6, 23, 7, 8
2025/7/7, 14, 7, 6
2025/7/8, 11, 13, 8
2025/7/9, 26, 15, 7
2025/7/10, 31, 17, 4
2025/7/11, 26, 14, 1
2025/7/12, 35, 9, 1
2025/7/13, 24, 12, 3
2025/7/14, 29, 13, 6
2025/7/15, 36, 13, 4
2025/7/16, 42, 17, 2
2025/7/17, 43, 15, 5
2025/7/18, 45, 18, 5
2025/7/19, 53, 21, 6
2025/7/20, 59, 16, 3
2025/7/21, 47, 15, 2
2025/7/22, 42, 15, 2
2025/7/23, 40, 17, 3
2025/7/24, 51, 17, 5
2025/7/25, 45, 15, 1
2025/7/26, 43, 9, 1
2025/7/27, 19, 12, 2
2025/7/28, 28, 11, 3
2025/7/29, 24, 11, 1
2025/7/30, 22, 8, 4
2025/7/31, 17, 11, 6
2025/8/1, 22, 9, 4
2025/8/2, 25, 4, 1
2025/8/3, 13, 6, 1
2025/8/4, 13, 19, 
2025/8/5, 34, 20, 2
2025/8/6, 37, 14, 2
2025/8/7, 33, 15, 5
2025/8/8, 37, 10, 2
2025/8/9, 22, 15, 3
2025/8/10, 35, 12, 4
2025/8/11, 27, 10, 5
2025/8/12, 26, 14, 10
2025/8/13, 31, 15, 7
2025/8/14, 35, 18, 5
2025/8/15, 46, 11, 4
2025/8/16, 14, 8, 3
2025/8/17, 9, 11, 5
2025/8/18, 13, 15, 6
2025/8/19, 25, 15, 9
2025/8/20, 11, 13, 7
2025/8/21, 16, 10, 8
2025/8/22, 10, 8, 5
2025/8/23, 8, 8, 4
2025/8/24, 11, 23, 11
2025/8/25, 23, 19, 7
2025/8/26, 23, 8, 3
2025/8/27, 14, 18, 5
2025/8/28, 39, 17, 3
2025/8/29, 47, 11, 2
2025/8/30, 35, 9, 2
2025/8/31, 26, 9, 1
2025/9/1, 22, 9, 5
2025/9/2, 21, 10, 4
2025/9/3, 20, 11, 2
2025/9/4, 22, 9, 5
2025/9/5, 24, 8, 3
2025/9/6, 16, 6, 5
2025/9/7, 14, 9, 10
2025/9/8, 21, 15, 10
2025/9/9, 41, 18, 14
2025/9/10, 44, 10, 7
2025/9/11, 31, 9, 2
2025/9/12, 18, 7, 4
2025/9/13, 15, 4, 1
2025/9/14, 11, 7, 2
2025/9/15, 15, 12, 3
2025/9/16, 24, 14, 3
2025/9/17, 25, 13, 2
2025/9/18, 30, 16, 2
2025/9/19, 39, 14, 2
2025/9/20, 40, 14, 1
2025/9/21, 34, 13, 6
2025/9/22, 15, 15, 9
2025/9/23, 29, 14, 10
2025/9/24, 17, 15, 12
2025/9/25, 20, 10, 10
2025/9/26, 16, 9, 6
2025/9/27, 15, 6, 2
2025/9/28, 13, 6, 3
2025/9/29, 10, 7, 9
2025/9/30, 11, 8, 6
2025/4/2, 56, 63, 12
2025/4/3, 60, 21, 5
2025/4/4, 21, 16, 2
2025/4/5, 14, 21, 11
2025/4/6, 24, 24, 11
2025/4/7, 25, 32, 17
2025/4/8, 29, 32, 15
2025/4/9, 31, 29, 7
2025/4/10, 33, 26, 9
2025/4/11, 38, 19, 7
2025/4/12, 40, 19, 4
2025/4/13, 46, 22, 5
2025/4/14, 51, 15, 7
2025/4/15, 35, 27, 6
2025/4/16, 55, 30, 11
2025/4/17, 63, 11, 5
2025/4/18, 25, 8, 3
2025/4/19, 28, 2, 3
2025/4/20, 6, 3, 2
2025/4/21, 6, 19, 4
2025/4/22, 52, 15, 8
2025/4/23, 28, 10, 7
2025/4/24, 15, 9, 2
2025/4/25, 12, 10, 7
2025/4/26, 16, 14, 4
2025/4/27, 32, 18, 4
2025/4/28, 37, 18, 12
2025/4/29, 32, 29, 11
2025/4/30, 40, 22, 4
2025/5/1, 50, 22, 4
2025/5/2, 47, 12, 3
2025/5/3, 23, 10, 1
2025/5/4, 12, 15, 7
2025/5/5, 20, 22, 12
2025/5/6, 24, 21, 9
2025/5/7, 23, 31, 13
2025/5/8, 32, 27, 6
2025/5/9, 47, 15, 3
2025/5/10, 37, 11, 3
2025/5/11, 22, 18, 7
2025/5/12, 22, 26, 10
2025/5/13, 35, 41, 7
2025/5/14, 39, 27, 7
2025/5/15, 23, 33, 4
2025/5/16, 26, 26, 2
2025/5/17, 22, 22, 1
2025/5/18, 19, 22, 9
2025/5/19, 19, 26, 8
2025/5/20, 48, 21, 6
2025/5/21, 36, 3, 4
2025/5/22, 6, 6, 8
2025/5/23, 7, 9, 2
2025/5/24, 20, 6, 2
2025/5/25, 19, 15, 3
2025/5/26, 31, 12, 3
2025/5/27, 26, 14, 7
2025/5/28, 24, 10, 5
2025/5/29, 20, 10, 2
2025/5/30, 22, 9, 4
2025/5/31, 20, 9, 3
2025/6/1, 26, 13, 3
2025/6/2, 30, 12, 2
2025/6/3, 25, 12, 5
2025/6/4, 28, 12, 6
2025/6/5, 25, 6, 2
2025/6/6, 15, 10, 1
2025/6/7, 21, 6, 3
2025/6/8, 13, 15, 7
2025/6/9, 22, 17, 7
2025/6/10, 54, 14, 9
2025/6/11, 36, 13, 9
2025/6/12, 21, 8, 5
2025/6/13, 14, 12, 4
2025/6/14, 21, 10, 3
2025/6/15, 29, 16, 4
2025/6/16, 36, 16, 4
2025/6/17, 47, 20, 6
2025/6/18, 36, 18, 6
2025/6/19, 22, 10, 4
2025/6/20, 24, 13, 3
2025/6/21, 31, 10, 2
2025/6/22, 25, 15, 2
2025/6/23, 32, 16, 3
2025/6/24, 28, 12, 6
2025/6/25, 22, 10, 2
2025/6/26, 25, 15, 3
2025/6/27, 28, 12, 2
2025/6/28, 35, 25, 2
2025/6/29, 51, 15, 7
2025/6/30, 26, 16, 4
2025/1/1, 25, 4, 6
2025/1/2, 8, 5, 3
2025/1/3, 10, 6, 5
2025/1/4, 14, 5, 7
2025/1/5, 16, 3, 1
2025/1/6, 9, 19, 1
2025/1/7, 39, 8, 4
2025/1/8, 18, 7, 10
2025/1/9, 17, 5, 4
2025/1/10, 14, 4, 4
2025/1/11, 6, 6, 11
2025/1/12, 18, 10, 4
2025/1/13, 27, 12, 6
2025/1/14, 36, 9, 12
2025/1/15, 27, 10, 4
2025/1/16, 36, 18, 4
2025/1/17, 57, 11, 5
2025/1/18, 38, 12, 2
2025/1/19, 46, 7, 6
2025/1/20, 19, 13, 5
2025/1/21, 47, 14, 6
2025/1/22, 53, 5, 7
2025/1/23, 21, 13, 2
2025/1/24, 40, 22, 2
2025/1/25, 51, 15, 2
2025/1/26, 37, 8, 3
2025/1/27, 21, 8, 4
2025/1/28, 29, 6, 10
2025/1/29, 19, 6, 8
2025/1/30, 20, 8, 8
2025/1/31, 21, 11, 6
2025/2/1, 28, 9, 5
2025/2/2, 35, 14, 5
2025/2/3, 48, 33, 5
2025/2/4, 93, 26, 8
2025/2/5, 63, 11, 16
2025/2/6, 25, 5, 9
2025/2/7, 16, 10, 2
2025/2/8, 38, 18, 3
2025/2/9, 60, 13, 7
2025/2/10, 38, 9, 9
2025/2/11, 22, 15, 8
2025/2/12, 34, 18, 6
2025/2/13, 32, 35, 14
2025/2/14, 35, 13, 7
2025/2/15, 20, 35, 6
2025/2/16, 32, 31, 18
2025/2/17, 31, 27, 20
2025/2/18, 32, 13, 13
2025/2/19, 38, 18, 4
2025/2/20, 29, 27, 5
2025/2/21, 84, 25, 3
2025/2/22, 81, 13, 4
2025/2/23, 47, 11, 2
2025/2/24, 43, 8, 4
2025/2/25, 33, 12, 5
2025/2/26, 32, 23, 13
2025/2/27, 36, 13, 11
2025/2/28, 28, 11, 5
2025/3/1, 32, 21, 3
2025/3/2, 45, 25, 3
2025/3/3, 50, 22, 3
2025/3/4, 47, 27, 2
2025/3/5, 60, 34, 5
2025/3/6, 71, 48, 9
2025/3/7, 122, 19, 10
2025/3/8, 60, 27, 13
2025/3/9, 53, 24, 12
2025/3/10, 44, 6, 4
2025/3/11, 15, 2, 4
2025/3/12, 7, 5, 5
2025/3/13, 14, 20, 13
2025/3/14, 23, 15, 6
2025/3/15, 25, 12, 3
2025/3/16, 19, 26, 9
2025/3/17, 31, 20, 
2025/3/18, 34, 28, 
2025/3/19, 45, 27, 
2025/3/20, 50, 20, 
2025/3/21, 36, 14, 
2025/3/22, 24, 15, 
2025/3/23, 35, 32, 
2025/3/24, 54, 16, 5
2025/3/25, 52, 28, 11
2025/3/26, 30, 21, 4
2025/3/27, 54, 37, 5
2025/3/28, 84, 20, 3
2025/3/29, 43, 14, 3
2025/3/30, 25, , 
2024/10/1, 7, 7, 
2024/10/2, 10, 12, 
2024/10/3, 21, 11, 
2024/10/4, 21, 7, 
2024/10/5, 16, 7, 
2024/10/6, 17, 6, 
2024/10/7, 14, 8, 
2024/10/8, 25, 12, 
2024/10/9, 43, 9, 
2024/10/10, 23, 9, 
2024/10/11, 14, 8, 
2024/10/12, 14, 6, 
2024/10/13, 19, 8, 
2024/10/14, 22, 11, 
2024/10/15, 31, 9, 
2024/10/16, 21, 11, 
2024/10/17, 30, 16, 5
2024/10/18, 51, 18, 1
2024/10/19, 55, 14, 2
2024/10/20, 46, 20, 1
2024/10/21, 46, 17, 2
2024/10/22, 42, 18, 3
2024/10/23, 38, 16, 3
2024/10/24, 42, 21, 3
2024/10/25, 60, 14, 4
2024/10/26, 52, 16, 3
2024/10/27, 43, 10, 3
2024/10/28, 21, 4, 4
2024/10/29, 11, 21, 8
2024/10/30, 39, 18, 3
2024/10/31, 37, 21, 4
2024/11/1, 36, 11, 7
2024/11/2, 16, 14, 6
2024/11/3, 29, 6, 6
2024/11/4, 12, 3, 4
2024/11/5, 7, 5, 4
2024/11/6, 14, 17, 9
2024/11/7, 33, 12, 5
2024/11/8, 25, 6, 2
2024/11/9, 18, 12, 2
2024/11/10, 42, 16, 8
2024/11/11, 43, 13, 9
2024/11/12, 30, 13, 6
2024/11/13, 36, 21, 15
2024/11/14, 32, 16, 8
2024/11/15, 36, 15, 3
2024/11/16, 32, 14, 5
2024/11/17, 25, 28, 17
2024/11/18, 32, 5, 12
2024/11/19, 14, 6, 8
2024/11/20, 14, 18, 11
2024/11/21, 21, 58, 19
2024/11/22, 56, 12, 6
2024/11/23, 20, 9, 2
2024/11/24, 23, 16, 2
2024/11/25, 34, 16, 1
2024/11/26, 36, 9, 9
2024/11/27, 17, 7, 6
2024/11/28, 10, 8, 5
2024/11/29, 20, 11, 2
2024/11/30, 31, 16, 3
2024/12/1, 55, 12, 4
2024/12/2, 41, 5, 5
2024/12/3, 11, 8, 7
2024/12/4, 11, 6, 2
2024/12/5, 9, 13, 4
2024/12/6, 37, 12, 2
2024/12/7, 46, 5, 2
2024/12/8, 22, 6, 7
2024/12/9, 14, 25, 12
2024/12/10, 40, 8, 7
2024/12/11, 31, 14, 14
2024/12/12, 36, 7, 4
2024/12/13, 26, 9, 4
2024/12/14, 25, 11, 6
2024/12/15, 25, 30, 7
2024/12/16, 56, 16, 10
2024/12/17, 29, 12, 3
2024/12/18, 39, 17, 5
2024/12/19, 39, 19, 10
2024/12/20, 26, 13, 2
2024/12/21, 33, 14, 2
2024/12/22, 36, 6, 5
2024/12/23, 15, 5, 3
2024/12/24, 14, 5, 2
2024/12/25, 19, 5, 2
2024/12/26, 20, 3, 4
2024/12/27, 12, 4, 1
2024/12/28, 17, 9, 1
2024/12/29, 23, , 
2024/9/23, 73, 20, 
2024/9/24, 55, 10, 
2024/9/25, 25, 7, 
2024/9/26, 13, 3, 
2024/9/27, 7, 4, 
2024/9/28, 8, 6, 
2024/9/29, 10, 4, 
2024/9/30, 8, 4, 
2024/6/14, 24, 7, 
2024/6/15, 20, 7, 
2024/6/16, 16, 6, 
2024/6/17, 15, 9, 
2024/6/18, 22, 12, 
2024/6/19, 24, 16, 
2024/6/20, 33, 9, 
2024/6/21, 23, 6, 
2024/6/22, 20, 6, 
2024/6/23, 15, 13, 
2024/6/24, 37, 13, 
2024/6/25, 31, 14, 
2024/6/26, 30, 22, 
2024/6/27, 47, 16, 
2024/6/28, 46, , 
2024/1/1, 7, 3, 
2024/1/2, 8, 4, 
2024/1/3, 8, 6, 
2024/1/4, 11, 7, 7
2024/1/5, 17, 6, 7
2024/1/6, 22, 6, 7
2024/1/7, 25, 9, 17
2024/1/8, 32, 14, 16
2024/1/9, 46, 12, 14
2024/1/10, 46, 11, 18
2024/1/11, 38, 12, 21
2024/1/12, 38, 9, 7
2024/1/13, 25, 7, 7
2024/1/14, 16, 3, 5
2024/1/15, 7, 6, 11
2024/1/16, 15, 8, 2
2024/1/17, 17, 8, 17
2024/1/18, 17, 9, 7
2024/1/19, 18, 5, 6
2024/1/20, 19, 13, 3
2024/1/21, 42, 20, 2
2024/1/22, 48, 24, 4
2024/1/23, 52, 20, 4
2024/1/24, 45, 11, 13
2024/1/25, 27, 8, 4
2024/1/26, 22, 19, 3
2024/1/27, 47, 13, 2
2024/1/28, 39, 17, 7
2024/1/29, 48, 13, 7
2024/1/30, 48, 12, 4
2024/1/31, 30, 22, 5
2024/2/1, 43, 15, 4
2024/2/2, 38, 28, 3
2024/2/3, 55, 22, 4
2024/2/4, 42, 24, 8
2024/2/5, 30, 10, 5
2024/2/6, 14, 6, 5
2024/2/7, 12, 4, 7
2024/2/8, 11, 3, 3
2024/2/9, 10, 4, 1
2024/2/10, 18, 4, 1
2024/2/11, 17, 4, 5
2024/2/12, 17, 9, 9
2024/2/13, 27, 9, 5
2024/2/14, 31, 6, 3
2024/2/15, 23, 5, 5
2024/2/16, 19, 7, 7
2024/2/17, 11, 4, 3
2024/2/18, 10, 6, 8
2024/2/19, 11, 9, 6
2024/2/20, 26, 7, 6
2024/2/21, 23, 2, 3
2024/2/22, 7, 11, 1
2024/2/23, 21, 6, 4
2024/2/24, 19, 7, 3
2024/2/25, 22, 6, 5
2024/2/26, 19, 16, 3
2024/2/27, 21, 14, 3
2024/2/28, 47, 16, 3
2024/2/29, 58, 22, 3
2024/3/1, 68, 20, 2
2024/3/2, 67, 22, 1
2024/3/3, 71, 19, 2
2024/3/4, 54, 16, 2
2024/3/5, 42, 10, 3
2024/3/6, 23, 27, 14
2024/3/7, 38, 22, 9
2024/3/8, 37, 9, 1
2024/3/9, 16, 8, 
2024/3/10, 13, 14, 2
2024/3/11, 25, 16, 5
2024/3/12, 28, 21, 4
2024/3/13, 66, 12, 4
2024/3/14, 45, 18, 4
2024/3/15, 58, 12, 2
2024/3/16, 30, 4, 1
2024/3/17, 5, 14, 6
2024/3/18, 14, 11, 2
2024/3/19, 24, 11, 6
2024/3/20, 36, 16, 7
2024/3/21, 34, 21, 4
2024/3/22, 45, 16, 2
2024/3/23, 36, 7, 3
2024/3/24, 18, 6, 3
2024/3/25, 7, 10, 3
2024/3/26, 20, 15, 2
2024/3/27, 33, 17, 4
2024/3/28, 43, 10, 2
2024/3/29, 26, 7, 1
2024/3/30, 21, 7, 1
2024/3/31, 15, , 
2023/11/30, 17, 5, 6
2023/12/1, 15, 5, 5
2023/12/2, 23, 6, 9
2023/12/3, 26, 6, 6
2023/12/4, 24, 6, 6
2023/12/5, 20, 5, 5
2023/12/6, 13, 3, 
2023/12/7, 25, 8, 
2023/12/8, 46, 11, 
2023/12/9, 51, 13, 
2023/12/10, 37, 9, 
2023/12/11, 12, 3, 
2023/12/12, 20, 6, 
2023/12/13, 13, 4, 
2023/12/14, 21, 12, 
2023/12/15, 37, 12, 
2023/12/16, 42, 15, 
2023/12/17, 39, 15, 
2023/12/18, 11, 3, 
2023/12/19, 39, 18, 
2023/12/20, 27, 15, 
2023/12/21, 22, 10, 
2023/12/22, 7, 3, 
2023/12/23, 19, 6, 
2023/12/24, 18, 6, 
2023/12/25, 34, 17, 
2023/12/26, 15, 7, 
2023/12/27, 13, 6, 
2023/12/28, 24, 9, 
2023/12/29, 32, 12, 
2023/12/30, 19, 7, 
2023/12/31, 6, 2, 
2023/7/1, 22, 11, 1
2023/7/2, 24, 14, 1
2023/7/3, 34, 12, 1
2023/7/4, 37, 10, 1
2023/7/5, 52, 9, 1
2023/7/6, 24, 13, 3
2023/7/7, 40, 14, 6
2023/7/8, 38, 13, 8
2023/7/9, 54, 10, 4
2023/7/10, 50, 9, 1
2023/7/11, 49, 8, 3
2023/7/12, 59, 12, 2
2023/7/13, 48, 11, 2
2023/7/14, 61, 11, 1
2023/7/15, 47, 14, 1
2023/7/16, 60, 15, 1
2023/7/17, 58, 13, 2
2023/7/18, 38, 12, 2
2023/7/19, 31, 12, 1
2023/7/20, 38, 10, 1
2023/7/21, 38, 7, 
2023/7/22, 28, 7, 
2023/7/23, 32, 5, 
2023/7/24, 46, 12, 
2023/7/25, 40, 9, 
2023/7/26, 38, 6, 2
2023/7/27, 39, 8, 3
2023/7/28, 43, 7, 1
2023/7/29, 30, 8, 
2023/7/30, 41, 4, 
2023/7/31, 56, 5, 1
2023/8/1, 60, 7, 2
2023/8/2, 100, 9, 3
2023/8/3, 69, 15, 3
2023/8/4, 38, 11, 1
2023/8/5, 49, 6, 2
2023/8/6, 58, 2, 3
2023/8/7, 52, 16, 1
2023/8/8, 30, 12, 3
2023/8/9, 22, 13, 3
2023/8/10, 38, 14, 2
2023/8/11, 63, 10, 2
2023/8/12, 69, 12, 2
2023/8/13, 56, 10, 2
2023/8/14, 44, 14, 4
2023/8/15, 53, 8, 2
2023/8/16, 36, 9, 4
2023/8/17, 29, 7, 3
2023/8/18, 30, 7, 1
2023/8/19, 35, 7, 1
2023/8/20, 40, 9, 2
2023/8/21, 31, 11, 4
2023/8/22, 50, 8, 2
2023/8/23, 33, 9, 3
2023/8/24, 31, 4, 2
2023/8/25, 38, 2, 3
2023/8/26, 28, 5, 1
2023/8/27, 45, 6, 2
2023/8/28, 49, 7, 2
2023/8/29, 46, 8, 4
2023/8/30, 33, 8, 6
2023/8/31, 39, 8, 7
2023/9/1, 49, 10, 4
2023/9/2, 41, 10, 2
2023/9/3, 34, 13, 3
2023/9/4, 44, 10, 3
2023/9/5, 41, 8, 3
2023/9/6, 38, , 
2023/5/2, 22, 18, 7
2023/5/3, 20, 8, 2
2023/5/4, 12, 7, 1
2023/5/5, 13, 9, 2
2023/5/6, 22, 11, 4
2023/5/7, 23, 16, 2
2023/5/8, 30, 19, 2
2023/5/9, 23, 19, 2
2023/5/10, 35, 27, 6
2023/5/11, 48, 29, 5
2023/5/12, 42, 31, 4
2023/5/13, 45, 16, 2
2023/5/14, 35, 20, 5
2023/5/15, 30, 18, 13
2023/5/16, 26, 11, 3
2023/5/17, 12, 14, 3
2023/5/18, 23, 13, 6
2023/5/19, 22, 12, 4
2023/5/20, 28, 12, 3
2023/5/21, 22, 20, 4
2023/5/22, 31, 16, 5
2023/5/23, 30, 14, 5
2023/5/24, 30, 17, 3
2023/5/25, 26, 17, 3
2023/5/26, 22, 20, 4
2023/5/27, 33, 20, 3
2023/5/28, 27, 16, 5
2023/5/29, 20, 16, 6
2023/5/30, 22, 19, 5
2023/5/31, 24, 20, 3
2023/6/1, 19, 12, 3
2023/6/2, 14, 11, 4
2023/6/3, 19, 12, 4
2023/6/4, 27, 13, 6
2023/6/5, 31, 12, 2
2023/6/6, 29, 19, 7
2023/6/7, 41, 15, 5
2023/6/8, 35, 14, 1
2023/6/9, 19, 9, 1
2023/6/10, 15, 8, 1
2023/6/11, 20, 14, 3
2023/6/12, 23, 19, 6
2023/6/13, 30, 23, 6
2023/6/14, 37, 21, 7
2023/6/15, 41, 24, 6
2023/6/16, 40, 14, 4
2023/6/17, 38, 8, 2
2023/6/18, 25, 9, 2
2023/6/19, 28, 15, 7
2023/6/20, 42, 11, 3
2023/6/21, 34, 10, 3
2023/6/22, 43, 8, 3
2023/6/23, 34, 11, 2
2023/6/24, 44, 7, 4
2023/6/25, 31, 5, 4
2023/6/26, 18, 7, 3
2023/6/27, 21, 16, 6
2023/6/28, 27, 12, 3
2023/6/29, 45, 13, 2
2023/6/30, 42, 8, 1
2023/1/2, 19, 5, 8
2023/1/3, 14, 2, 5
2023/1/4, 5, 3, 3
2023/1/5, 14, 4, 1
2023/1/6, 10, 9, 3
2023/1/7, 18, 4, 2
2023/1/8, 15, 5, 3
2023/1/9, 14, 8, 4
2023/1/10, 19, 13, 3
2023/1/11, 26, 8, 4
2023/1/12, 15, 8, 2
2023/1/13, 18, 8, 2
2023/1/14, 14, 12, 1
2023/1/15, 19, 11, 4
2023/1/16, 18, 6, 3
2023/1/17, 17, 7, 2
2023/1/18, 16, 7, 5
2023/1/19, 22, 7, 7
2023/1/20, 31, 2, 2
2023/1/21, 12, 3, 3
2023/1/22, 10, 9, 3
2023/1/23, 12, 8, 3
2023/1/24, 17, 8, 3
2023/1/25, 16, 5, 9
2023/1/26, 12, 8, 14
2023/1/27, 18, 10, 4
2023/1/28, 16, 11, 3
2023/1/29, 13, 16, 5
2023/1/30, 23, 10, 5
2023/1/31, 12, 15, 5
2023/2/1, 26, 15, 11
2023/2/2, 16, 4, 4
2023/2/3, 19, 4, 6
2023/2/4, 17, 5, 5
2023/2/5, 15, 4, 7
2023/2/6, 14, 11, 3
2023/2/7, 21, 12, 5
2023/2/8, 29, 17, 5
2023/2/9, 34, 21, 4
2023/2/10, 19, 21, 7
2023/2/11, 40, 14, 5
2023/2/12, 29, 17, 9
2023/2/13, 31, 7, 6
2023/2/14, 22, 6, 3
2023/2/15, 22, 14, 6
2023/2/16, 45, 8, 3
2023/2/17, 23, 14, 3
2023/2/18, 17, 12, 5
2023/2/19, 16, 22, 3
2023/2/20, 43, 15, 5
2023/2/21, 25, 8, 2
2023/2/22, 10, 7, 3
2023/2/23, 22, 1, 3
2023/2/24, 9, 6, 2
2023/2/25, 11, 8, 3
2023/2/26, 13, 23, 18
2023/2/27, 26, 17, 19
2023/2/28, 32, 17, 15
2023/3/1, 21, 23, 20
2023/3/2, 17, 17, 13
2023/3/3, 14, 19, 3
2023/3/4, 9, 18, 3
2023/3/5, 9, 13, 12
2023/3/6, 13, 2, 3
2023/3/7, 7, 4, 13
2023/3/8, 11, 5, 9
2023/3/9, 10, 3, 10
2023/3/10, 11, 3, 5
2023/3/11, 8, 5, 2
2023/3/12, 6, 6, 3
2023/3/13, 15, 11, 4
2023/3/14, 13, 22, 9
2023/3/15, 21, 18, 9
2023/3/16, 14, 9, 3
2023/3/17, 21, 13, 7
2023/3/18, 37, 6, 2
2023/3/19, 15, 13, 6
2023/3/20, 13, 11, 3
2023/3/21, 6, 8, 4
2023/3/22, 12, 11, 4
2023/3/23, 14, 14, 3
2023/3/24, 24, 12, 4
2023/3/25, 23, , 2
2022/10/1, 18, , 4
2022/10/2, 20, , 9
2022/10/3, 20, , 6
2022/10/4, 24, , 2
2022/10/5, 20, , 1
2022/10/6, 28, , 2
2022/10/7, 30, , 2
2022/10/8, 15, , 2
2022/10/9, 14, , 3
2022/10/10, 34, , 6
2022/10/11, 17, , 4
2022/10/12, 13, , 4
2022/10/13, 26, , 5
2022/10/14, 16, , 3
2022/10/15, 19, , 2
2022/10/16, 23, , 6
2022/10/17, 25, , 3
2022/10/18, 21, , 11
2022/10/19, 13, , 6
2022/10/20, 15, , 7
2022/10/21, 21, , 6
2022/10/22, 17, , 3
2022/10/23, 14, , 2
2022/10/24, 13, 14, 3
2022/10/25, 26, 14, 4
2022/10/26, 18, 18, 4
2022/10/27, 34, 10, 5
2022/10/28, 25, 19, 4
2022/10/29, 35, 13, 3
2022/10/30, 27, 13, 7
2022/10/31, 31, 8, 6
2022/11/1, 18, 12, 4
2022/11/2, 22, 12, 3
2022/11/3, 22, 9, 2
2022/11/4, 26, , 
2022/11/7, 24, 12, 3
2022/11/8, 25, 14, 5
2022/11/9, 29, 14, 3
2022/11/10, 28, 21, 2
2022/11/11, 41, 21, 5
2022/11/12, 41, 5, 6
2022/11/13, 15, 5, 3
2022/11/14, 10, 5, 5
2022/11/15, 15, 3, 5
2022/11/16, 5, 3, 3
2022/11/17, 5, 4, 4
2022/11/18, 10, 4, 1
2022/11/19, 6, 3, 2
2022/11/20, 7, 3, 5
2022/11/21, 11, 5, 5
2022/11/22, 22, 7, 4
2022/11/23, 31, 9, 3
2022/11/24, 37, 7, 3
2022/11/25, 21, 7, 3
2022/11/26, 22, 4, 2
2022/11/27, 12, 7, 4
2022/11/28, 17, 8, 5
2022/11/29, 15, 12, 7
2022/11/30, 19, 4, 7
2022/12/1, 12, 5, 4
2022/12/2, 16, 9, 4
2022/12/3, 21, 7, 2
2022/12/4, 14, 9, 5
2022/12/5, 12, 13, 12
2022/12/6, 19, 8, 16
2022/12/7, 19, 6, 9
2022/12/8, 13, 5, 10
2022/12/9, 14, 4, 6
2022/12/10, 20, 4, 5
2022/12/11, 17, 4, 7
2022/12/12, 14, 8, 11
2022/12/13, 18, 6, 8
2022/12/14, 16, 11, 18
2022/12/15, 36, 13, 17
2022/12/16, 45, 9, 5
2022/12/17, 27, 10, 4
2022/12/18, 29, 6, 6
2022/12/19, 23, 4, 5
2022/12/20, 14, 9, 4
2022/12/21, 18, 9, 4
2022/12/22, 17, 2, 7
2022/12/23, 12, 3, 6
2022/12/24, 16, 2, 2
2022/12/25, 11, 4, 2
2022/12/26, 9, 13, 4
2022/12/27, 23, 6, 5
2022/12/28, 19, 7, 2
2022/12/29, 17, 11, 2
2022/12/30, 21, 15, 3
2022/12/31, 34, 7, 3
2023/1/1, 21, 8, 9
2022/7/1, 17, 17, 2
2022/7/2, 19, 12, 1
2022/7/3, 18, 9, 2
2022/7/4, 10, 16, 2
2022/7/5, 13, 19, 3
2022/7/6, 11, 8, 3
2022/7/7, 9, 18, 5
2022/7/8, 18, 18, 5
2022/7/9, 14, 10, 1
2022/7/10, 9, 18, 7
2022/7/11, 16, 19, 4
2022/7/12, 20, 30, 3
2022/7/13, 25, 25, 6
2022/7/14, 17, 15, 3
2022/7/15, 12, 11, 3
2022/7/16, 14, 17, 4
2022/7/17, 21, 18, 2
2022/7/18, 27, 21, 7
2022/7/19, 37, 20, 2
2022/7/20, 40, 33, 6
2022/7/21, 53, 22, 1
2022/7/22, 32, 12, 2
2022/7/23, 11, 13, 1
2022/7/24, 18, 11, 3
2022/7/25, 19, 18, 2
2022/7/26, 7, 17, 4
2022/7/27, 7, 26, 5
2022/7/28, 22, 20, 6
2022/7/29, 17, 15, 2
2022/7/30, 15, 13, 2
2022/7/31, 13, 18, 3
2022/8/1, 18, 17, 2
2022/8/2, 16, 22, 3
2022/8/3, 27, 18, 3
2022/8/4, 29, 14, 3
2022/8/5, 13, 18, 3
2022/8/6, 19, 17, 1
2022/8/7, 28, 13, 3
2022/8/8, 20, 12, 3
2022/8/9, 17, 14, 3
2022/8/10, 19, 15, 5
2022/8/11, 18, 19, 11
2022/8/12, 23, 25, 8
2022/8/13, 34, 22, 8
2022/8/14, 33, 23, 3
2022/8/15, 34, , 
2022/8/17, 50, 13, 8
2022/8/18, 32, , 13
2022/8/19, 96, , 
2022/9/13, 17, , 4
2022/9/14, 13, , 7
2022/9/15, 11, , 5
2022/9/16, 11, , 5
2022/9/17, 10, , 5
2022/9/18, 14, , 4
2022/9/19, 11, , 7
2022/9/20, 16, , 8
2022/9/21, 19, , 6
2022/9/22, 14, , 5
2022/9/23, 23, , 3
2022/9/24, 29, , 3
2022/9/25, 23, , 3
2022/9/26, 8, , 3
2022/9/27, 17, , 4
2022/9/28, 30, , 4
2022/9/29, 16, , 4
2022/9/30, 15, , 2
2022/4/1, 17, 31, 7
2022/4/2, 17, 30, 6
2022/4/3, 16, 7, 3
2022/4/4, 8, 50, 6
2022/4/5, 15, 6, 6
2022/4/6, 10, 9, 6
2022/4/7, 7, 14, 5
2022/4/8, 11, 29, 5
2022/4/9, 18, 29, 5
2022/4/10, 19, 35, 7
2022/4/11, 18, 44, 12
2022/4/12, 24, 27, 4
2022/4/13, 33, 14, 8
2022/4/14, 32, 8, 1
2022/4/15, 14, 21, 7
2022/4/16, 20, 20, 8
2022/4/17, 19, 28, 8
2022/4/18, 29, 35, 9
2022/4/19, 31, 24, 4
2022/4/20, 15, 26, 4
2022/4/21, 17, 26, 4
2022/4/22, 15, 29, 2
2022/4/23, 13, 19, 1
2022/4/24, 9, 31, 7
2022/4/25, 20, 31, 8
2022/4/26, 15, 33, 7
2022/4/27, 20, 34, 5
2022/4/28, 21, , 
2022/5/2, 29, 28, 3
2022/5/3, 11, 34, 6
2022/5/4, 24, 27, 7
2022/5/5, 25, 26, 5
2022/5/6, 23, 18, 5
2022/5/7, 22, 17, 4
2022/5/8, 16, 19, 2
2022/5/9, 17, 19, 4
2022/5/10, 26, 20, 3
2022/5/11, 28, 25, 4
2022/5/12, 25, 20, 3
2022/5/13, 23, 28, 5
2022/5/14, 33, 13, 4
2022/5/15, 19, 13, 5
2022/5/16, 16, 21, 5
2022/5/17, 17, 20, 2
2022/5/18, 20, 35, 9
2022/5/19, 43, 19, 5
2022/5/20, 20, 15, 5
2022/5/21, 21, , 
2022/5/23, 15, 13, 3
2022/5/24, 24, 12, 2
2022/5/25, 12, 22, 2
2022/5/26, 23, 17, 4
2022/5/27, 14, 8, 2
2022/5/28, 13, 12, 4
2022/5/29, 17, 17, 6
2022/5/30, 24, 15, 7
2022/5/31, 24, 15, 3
2022/6/1, 17, 20, 3
2022/6/2, 25, 24, 3
2022/6/3, 29, 19, 4
2022/6/4, 31, 15, 4
2022/6/5, 22, 13, 2
2022/6/6, 22, 10, 3
2022/6/7, 17, 11, 2
2022/6/8, 15, 16, 5
2022/6/9, 26, 13, 4
2022/6/10, 16, 23, 2
2022/6/11, 41, 20, 2
2022/6/12, 32, 23, 4
2022/6/13, 26, 22, 5
2022/6/14, 24, 19, 3
2022/6/15, 22, 20, 4
2022/6/16, 25, 20, 4
2022/6/17, 33, 26, 3
2022/6/18, 29, 20, 3
2022/6/19, 29, 15, 5
2022/6/20, 19, 28, 4
2022/6/21, 34, 21, 2
2022/6/22, 26, 17, 3
2022/6/23, 23, 13, 2
2022/6/24, 23, 26, 3
2022/6/25, 41, 25, 3
2022/6/26, 19, 33, 7
2022/6/27, 50, 27, 6
2022/6/28, 15, 27, 5
2022/6/29, 14, 24, 7
2022/6/30, 15, 20, 3
2022/1/3, 19, 17, 3
2022/1/4, 12, 7, 8
2022/1/5, 14, 15, 11
2022/1/6, 18, 12, 5
2022/1/7, 18, 4, 3
2022/1/8, 6, 7, 2
2022/1/9, 18, 9, 6
2022/1/10, 27, 17, 5
2022/1/11, 38, 17, 5
2022/1/12, 18, 27, 5
2022/1/13, 25, 41, 6
2022/1/14, 27, 27, 11
2022/1/15, 27, 18, 3
2022/1/16, 14, 42, 6
2022/1/17, 29, 26, 12
2022/1/18, 26, 17, 3
2022/1/19, 17, 30, 4
2022/1/20, 13, 25, 13
2022/1/21, 22, 13, 5
2022/1/22, 19, 7, 4
2022/1/23, 15, 19, 3
2022/1/24, 22, 21, 15
2022/1/25, 21, 35, 5
2022/1/26, 36, 21, 2
2022/1/27, 21, 30, 7
2022/1/28, 18, 17, 2
2022/1/29, 13, 23, 1
2022/1/30, 21, 42, 16
2022/1/31, 20, 9, 10
2022/2/1, 14, 8, 10
2022/2/2, 19, 6, 8
2022/2/3, 11, 11, 4
2022/2/4, 13, 20, 2
2022/2/5, 19, 10, 2
2022/2/6, 9, 19, 7
2022/2/7, 21, 31, 4
2022/2/8, 31, 31, 3
2022/2/9, 27, 26, 3
2022/2/10, 23, 31, 11
2022/2/11, 22, 27, 1
2022/2/12, 21, 22, 3
2022/2/13, 34, 17, 3
2022/2/14, 32, 21, 2
2022/2/15, 20, 14, 3
2022/2/16, 14, 14, 5
2022/2/17, 21, 32, 3
2022/2/18, 24, 13, 3
2022/2/19, 20, 8, 3
2022/2/20, 9, 5, 3
2022/2/21, 18, 17, 6
2022/2/22, 14, 23, 6
2022/2/23, 29, 12, 6
2022/2/24, 16, 25, 6
2022/2/25, 28, 36, 9
2022/2/26, 25, 18, 4
2022/2/27, 20, 22, 3
2022/2/28, 23, 27, 5
2022/3/1, 47, 28, 12
2022/3/2, 22, 23, 14
2022/3/3, 18, 38, 17
2022/3/4, 26, 31, 10
2022/3/5, 24, 19, 7
2022/3/6, 17, 41, 21
2022/3/7, 29, 22, 11
2022/3/8, 27, 40, 14
2022/3/9, 36, 21, 5
2022/3/10, 22, 24, 3
2022/3/11, 26, 22, 2
2022/3/12, 24, 19, 2
2022/3/13, 31, 48, 7
2022/3/14, 58, 55, 12
2022/3/15, 71, 36, 11
2022/3/16, 38, 32, 3
2022/3/17, 50, 42, 7
2022/3/18, 32, 54, 13
2022/3/19, 31, 44, 11
2022/3/20, 40, 46, 4
2022/3/21, 61, 68, 12
2022/3/22, 71, 53, 23
2022/3/23, 62, 58, 11
2022/3/24, 57, 52, 9
2022/3/25, 43, 27, 5
2022/3/26, 16, 44, 11
2022/3/27, 9, , 
2021/10/1, 15, 8, 2
2021/10/2, 20, 13, 1
2021/10/3, 35, 14, 2
2021/10/4, 18, 13, 3
2021/10/5, 17, , 
2021/10/8, 33, 19, 3
2021/10/9, 37, 26, 3
2021/10/10, 45, 11, 6
2021/10/11, 7, 6, 6
2021/10/12, 7, 12, 5
2021/10/13, 13, 18, 3
2021/10/14, 15, 11, 4
2021/10/15, 13, 21, 3
2021/10/16, 19, 11, 5
2021/10/17, 15, 16, 12
2021/10/18, 20, 6, 2
2021/10/19, 9, , 
2021/10/21, 12, 19, 6
2021/10/22, 17, 21, 8
2021/10/23, 25, 18, 2
2021/10/24, 21, 18, 4
2021/10/25, 29, 18, 4
2021/10/26, 20, 13, 2
2021/10/27, 24, 16, 4
2021/10/28, 26, , 
2021/10/31, 31, 22, 3
2021/11/1, 40, 18, 5
2021/11/2, 23, 26, 9
2021/11/3, 25, 24, 10
2021/11/4, 28, 17, 6
2021/11/5, 11, 23, 2
2021/11/6, 20, 12, 2
2021/11/7, 15, 7, 5
2021/11/8, 12, 9, 3
2021/11/9, 15, 22, 6
2021/11/10, 22, 28, 7
2021/11/11, 20, 34, 13
2021/11/12, 24, 10, 3
2021/11/13, 20, 9, 3
2021/11/14, 17, 11, 3
2021/11/15, 15, 21, 5
2021/11/16, 41, 18, 4
2021/11/17, 23, 21, 6
2021/11/18, 19, 41, 4
2021/11/19, 41, 16, 8
2021/11/20, 18, 4, 3
2021/11/21, 11, 14, 9
2021/11/22, 15, 20, 20
2021/11/23, 26, 12, 5
2021/11/24, 10, 11, 6
2021/11/25, 8, 4, 7
2021/11/26, 9, 3, 4
2021/11/27, 11, 4, 3
2021/11/28, 13, 8, 11
2021/11/29, 15, 5, 7
2021/11/30, 15, 3, 7
2021/12/1, 7, 8, 15
2021/12/2, 20, 6, 17
2021/12/3, 16, 5, 4
2021/12/4, 16, 5, 3
2021/12/5, 15, 4, 7
2021/12/6, 10, 5, 3
2021/12/7, 10, 16, 4
2021/12/8, 45, 12, 7
2021/12/9, 29, 13, 8
2021/12/10, 36, 22, 9
2021/12/11, 58, 11, 6
2021/12/12, 35, 7, 7
2021/12/13, 16, 20, 7
2021/12/14, 21, 22, 4
2021/12/15, 24, 36, 8
2021/12/16, 44, 29, 24
2021/12/17, 46, 8, 10
2021/12/18, 12, 10, 6
2021/12/19, 9, 17, 17
2021/12/20, 19, 11, 9
2021/12/21, 15, 6, 3
2021/12/22, 12, 9, 8
2021/12/23, 19, 13, 3
2021/12/24, 11, 24, 20
2021/12/25, 31, 23, 17
2021/12/26, 49, 6, 3
2021/12/27, 9, 19, 3
2021/12/28, 48, 20, 6
2021/12/29, 53, 26, 4
2021/12/30, 32, 6, 4
2021/12/31, 13, 11, 3
2022/1/1, 20, 13, 4
2022/1/2, 22, 20, 3
2021/7/1, 19, 21, 4
2021/7/2, 29, 20, 5
2021/7/3, 32, 19, 3
2021/7/4, 29, 15, 2
2021/7/5, 22, 15, 2
2021/7/6, 15, 21, 2
2021/7/7, 20, 21, 3
2021/7/8, 25, 21, 6
2021/7/9, 29, 11, 4
2021/7/10, 20, 11, 1
2021/7/11, 17, 10, 3
2021/7/12, 16, 17, 3
2021/7/13, 34, 28, 5
2021/7/14, 54, 27, 7
2021/7/15, 52, 21, 5
2021/7/16, 41, 18, 4
2021/7/17, 27, 19, 3
2021/7/18, 16, 14, 5
2021/7/19, 17, 24, 4
2021/7/20, 29, 24, 4
2021/7/21, 31, 22, 4
2021/7/22, 30, 36, 4
2021/7/23, 49, 27, 4
2021/7/24, 32, 20, 2
2021/7/25, 28, 25, 3
2021/7/26, 41, 24, 3
2021/7/27, 54, 16, 2
2021/7/28, 24, 13, 2
2021/7/29, 14, 17, 2
2021/7/30, 18, 17, 1
2021/7/31, 22, 18, 
2021/8/1, 14, 10, 3
2021/8/2, 14, 18, 3
2021/8/3, 20, 22, 6
2021/8/4, 21, 18, 8
2021/8/5, 21, 18, 3
2021/8/6, 22, 13, 2
2021/8/7, 18, 16, 3
2021/8/8, 27, 20, 2
2021/8/9, 26, 12, 4
2021/8/10, 22, 12, 5
2021/8/11, 20, 16, 2
2021/8/12, 24, 20, 3
2021/8/13, 32, 21, 1
2021/8/14, 22, 18, 1
2021/8/15, 20, 9, 6
2021/8/16, 17, 5, 3
2021/8/17, 12, 16, 4
2021/8/18, 15, 16, 4
2021/8/19, 18, 19, 3
2021/8/20, 21, 22, 5
2021/8/21, 28, 15, 5
2021/8/22, 22, 19, 7
2021/8/23, 24, 28, 8
2021/8/24, 30, 26, 3
2021/8/25, 12, 21, 1
2021/8/26, 11, 10, 2
2021/8/27, 17, 9, 1
2021/8/28, 14, 14, 1
2021/8/29, 27, 20, 6
2021/8/30, 25, 29, 8
2021/8/31, 33, 27, 9
2021/9/1, 43, 33, 9
2021/9/2, 38, 32, 6
2021/9/3, 28, 21, 3
2021/9/4, 13, 24, 5
2021/9/5, 16, 20, 6
2021/9/6, 17, 26, 7
2021/9/7, 33, 23, 4
2021/9/8, 38, 36, 6
2021/9/9, 57, 44, 8
2021/9/10, 60, 16, 4
2021/9/11, 38, 9, 2
2021/9/12, 16, 12, 4
2021/9/13, 15, 17, 7
2021/9/14, 20, 11, 5
2021/9/15, 16, 2, 3
2021/9/16, 5, 5, 2
2021/9/17, 12, 10, 2
2021/9/18, 22, 8, 2
2021/9/19, 15, 11, 5
2021/9/20, 20, 15, 6
2021/9/21, 25, 26, 7
2021/9/22, 27, 13, 4
2021/9/23, 11, 23, 6
2021/9/24, 23, 27, 5
2021/9/25, 32, 17, 6
2021/9/26, 22, 12, 1
2021/9/27, 24, 22, 9
2021/9/28, 30, 15, 7
2021/9/29, 21, 8, 5
2021/9/30, 18, 8, 2
2021/4/1, 13, 9, 6
2021/4/2, 13, 8, 3
2021/4/3, 8, 24, 3
2021/4/4, 19, 11, 2
2021/4/5, 12, 19, 8
2021/4/6, 13, 26, 8
2021/4/7, 16, 33, 6
2021/4/8, 17, 24, 2
2021/4/9, 23, 15, 3
2021/4/10, 20, 9, 3
2021/4/11, 10, 6, 4
2021/4/12, 10, 7, 5
2021/4/13, 10, 18, 13
2021/4/14, 16, 13, 11
2021/4/15, 15, 14, 9
2021/4/16, 15, 8, 3
2021/4/17, 14, 8, 2
2021/4/18, 15, 14, 4
2021/4/19, 18, 27, 9
2021/4/20, 29, 38, 5
2021/4/21, 23, 22, 2
2021/4/22, 12, 12, 6
2021/4/23, 12, 13, 3
2021/4/24, 13, 6, 1
2021/4/25, 9, 9, 7
2021/4/26, 8, 16, 8
2021/4/27, 13, 16, 7
2021/4/28, 16, 12, 3
2021/4/29, 18, 9, 4
2021/4/30, 14, 12, 7
2021/5/1, 22, 11, 6
2021/5/2, 22, 9, 5
2021/5/3, 15, 2, 3
2021/5/4, 7, 3, 5
2021/5/5, 7, 4, 4
2021/5/6, 12, 8, 7
2021/5/7, 20, 12, 5
2021/5/8, 24, 8, 2
2021/5/9, 21, 13, 5
2021/5/10, 31, 3, 8
2021/5/11, 9, 12, 5
2021/5/12, 26, 9, 5
2021/5/13, 27, 14, 9
2021/5/14, 34, 3, 3
2021/5/15, 6, 5, 2
2021/5/16, 10, 7, 3
2021/5/17, 15, 7, 4
2021/5/18, 11, 9, 4
2021/5/19, 15, 8, 3
2021/5/20, 8, 6, 3
2021/5/21, 9, 5, 2
2021/5/22, 13, 1, 2
2021/5/23, 8, 4, 2
2021/5/24, 13, 5, 4
2021/5/25, 16, 6, 4
2021/5/26, 9, 4, 3
2021/5/27, 9, 5, 5
2021/5/28, 16, 6, 4
2021/5/29, 24, 8, 7
2021/5/30, 25, 10, 10
2021/5/31, 36, 41, 5
2021/6/1, 10, 29, 8
2021/6/2, 26, 31, 4
2021/6/3, 22, 24, 5
2021/6/4, 25, 34, 11
2021/6/5, 38, 27, 8
2021/6/6, 38, 19, 4
2021/6/7, 29, 21, 4
2021/6/8, 18, 21, 4
2021/6/9, 19, 20, 16
2021/6/10, 21, 18, 15
2021/6/11, 23, 24, 3
2021/6/12, 15, 16, 2
2021/6/13, 16, 16, 3
2021/6/14, 18, 25, 5
2021/6/15, 16, 17, 2
2021/6/16, 16, 27, 3
2021/6/17, 27, 34, 6
2021/6/18, 44, 29, 4
2021/6/19, 40, 18, 3
2021/6/20, 22, 15, 3
2021/6/21, 15, 21, 4
2021/6/22, 27, 11, 4
2021/6/23, 10, 23, 5
2021/6/24, 28, 10, 2
2021/6/25, 17, 15, 3
2021/6/26, 29, 12, 1
2021/6/27, 19, 24, 3
2021/6/28, 36, 29, 3
2021/6/29, 36, 30, 5
2021/6/30, 39, 20, 4
2021/1/4, 6, 3, 7
2021/1/5, 10, 2, 3
2021/1/6, 5, 3, 8
2021/1/7, 13, 3, 9
2021/1/8, 13, 3, 5
2021/1/9, 14, 6, 7
2021/1/10, 14, 5, 3
2021/1/11, 4, 5, 14
2021/1/12, 11, 6, 16
2021/1/13, 19, 5, 9
2021/1/14, 21, 6, 13
2021/1/15, 25, 6, 13
2021/1/16, 30, 3, 4
2021/1/17, 17, 4, 8
2021/1/18, 20, 1, 7
2021/1/19, 5, 3, 5
2021/1/20, 11, 7, 4
2021/1/21, 15, 6, 5
2021/1/22, 10, , 
2021/1/24, 26, 8, 16
2021/1/25, 21, 9, 12
2021/1/26, 15, 10, 19
2021/1/27, 24, 8, 11
2021/1/28, 14, 8, 18
2021/1/29, 19, , 
2021/2/1, 19, 7, 15
2021/2/2, 18, 6, 9
2021/2/3, 21, 6, 7
2021/2/4, 23, 7, 14
2021/2/5, 23, 7, 10
2021/2/6, 25, 4, 7
2021/2/7, 14, 3, 9
2021/2/8, 6, 4, 8
2021/2/9, 7, 18, 20
2021/2/10, 20, 11, 17
2021/2/11, 17, 33, 28
2021/2/12, 36, 33, 25
2021/2/13, 38, 11, 24
2021/2/14, 32, 11, 8
2021/2/15, 12, 6, 6
2021/2/16, 25, 13, 6
2021/2/17, 55, 9, 4
2021/2/18, 39, 13, 8
2021/2/19, 43, 10, 6
2021/2/20, 26, 18, 8
2021/2/21, 45, 21, 15
2021/2/22, 57, 12, 10
2021/2/23, 34, 19, 7
2021/2/24, 41, 17, 6
2021/2/25, 35, 26, 8
2021/2/26, 31, 24, 18
2021/2/27, 34, 17, 11
2021/2/28, 24, 11, 11
2021/3/1, 24, 12, 11
2021/3/2, 24, 6, 6
2021/3/3, 18, 18, 7
2021/3/4, 11, 35, 17
2021/3/5, 19, 18, 6
2021/3/6, 15, 21, 3
2021/3/7, 19, 35, 17
2021/3/8, 18, 26, 16
2021/3/9, 20, 22, 9
2021/3/10, 13, 7, 4
2021/3/11, 12, 30, 6
2021/3/12, 32, 11, 3
2021/3/13, 17, 12, 3
2021/3/14, 17, 8, 10
2021/3/15, 13, 30, 19
2021/3/16, 23, 25, 17
2021/3/17, 19, 39, 18
2021/3/18, 18, 20, 8
2021/3/19, 13, 15, 5
2021/3/20, 12, 20, 2
2021/3/21, 10, 27, 10
2021/3/22, 19, 16, 8
2021/3/23, 22, 19, 5
2021/3/24, 33, 17, 6
2021/3/25, 27, 12, 7
2021/3/26, 28, 8, 6
2021/3/27, 27, 11, 4
2021/3/28, 19, 7, 4
2021/3/29, 19, 22, 4
2021/3/30, 27, 28, 6
2021/3/31, 29, 11, 7
2020/10/1, 22, 62, 3
2020/10/2, 78, 45, 2
2020/10/3, 84, 8, 3
2020/10/4, 36, 4, 4
2020/10/5, 13, 7, 4
2020/10/6, 16, 5, 4
2020/10/7, 20, 7, 3
2020/10/8, 14, 6, 4
2020/10/9, 14, , 
2020/10/15, 14, 8, 10
2020/10/16, 15, 8, 7
2020/10/17, 11, 6, 8
2020/10/18, 11, 17, 17
2020/10/19, 23, 7, 5
2020/10/20, 21, 12, 6
2020/10/21, 34, 4, 4
2020/10/22, 18, 12, 5
2020/10/23, 22, 7, 3
2020/10/24, 16, 7, 2
2020/10/25, 17, 7, 4
2020/10/26, 17, 9, 3
2020/10/27, 19, 13, 3
2020/10/28, 23, 11, 9
2020/10/29, 25, 10, 7
2020/10/30, 20, 10, 2
2020/10/31, 18, 8, 1
2020/11/1, 15, 6, 2
2020/11/2, 16, 12, 2
2020/11/3, 22, 11, 6
2020/11/4, 20, 19, 5
2020/11/5, 28, 21, 5
2020/11/6, 33, 11, 2
2020/11/7, 20, 19, 7
2020/11/8, 32, 10, 5
2020/11/9, 18, 7, 5
2020/11/10, 18, 14, 4
2020/11/11, 41, 6, 4
2020/11/12, 19, 7, 4
2020/11/13, 25, 10, 5
2020/11/14, 20, 10, 3
2020/11/15, 31, 9, 4
2020/11/16, 22, 10, 4
2020/11/17, 18, 9, 2
2020/11/18, 18, 12, 5
2020/11/19, 18, 27, 14
2020/11/20, 21, 6, 2
2020/11/21, 11, 17, 2
2020/11/22, 25, 15, 7
2020/11/23, 19, 9, 2
2020/11/24, 20, 15, 5
2020/11/25, 31, 12, 13
2020/11/26, 23, 18, 21
2020/11/27, 40, 4, 6
2020/11/28, 20, 1, 4
2020/11/29, 8, 3, 5
2020/11/30, 8, 5, 8
2020/12/1, 24, 8, 6
2020/12/2, 35, 20, 5
2020/12/3, 68, 13, 9
2020/12/4, 54, 15, 6
2020/12/5, 59, 14, 5
2020/12/6, 53, 12, 5
2020/12/7, 47, 8, 6
2020/12/8, 35, 10, 7
2020/12/9, 43, 9, 5
2020/12/10, 35, 7, 6
2020/12/11, 16, 7, 5
2020/12/12, 31, 2, 4
2020/12/13, 11, 4, 4
2020/12/14, 12, 5, 6
2020/12/15, 18, 10, 9
2020/12/16, 22, 5, 5
2020/12/17, 14, 10, 5
2020/12/18, 20, 7, 4
2020/12/19, 21, 10, 5
2020/12/20, 31, 11, 6
2020/12/21, 24, 5, 5
2020/12/22, 9, 20, 9
2020/12/23, 19, 4, 4
2020/12/24, 9, 4, 6
2020/12/25, 11, 6, 6
2020/12/26, 13, 3, 1
2020/12/27, 3, 5, 3
2020/12/28, 23, 7, 5
2020/12/29, 31, 4, 5
2020/12/30, 19, 2, 3
2020/12/31, 8, 5, 3
2021/1/1, 24, 5, 7
2021/1/2, 23, 2, 3
2021/1/3, 9, 4, 5
2020/7/1, 30, 13, 3
2020/7/2, 9, 10, 3
2020/7/3, 8, 6, 2
2020/7/4, 10, 8, 1
2020/7/5, 15, 14, 2
2020/7/6, 22, 14, 3
2020/7/7, 14, 10, 7
2020/7/8, 11, 14, 4
2020/7/9, 18, 11, 5
2020/7/10, 16, 14, 3
2020/7/11, 21, 14, 2
2020/7/12, 18, 13, 3
2020/7/13, 18, 7, 4
2020/7/14, 21, 7, 7
2020/7/15, 19, 12, 10
2020/7/16, 19, 10, 6
2020/7/17, 20, 7, 3
2020/7/18, 17, 13, 4
2020/7/19, 31, 10, 4
2020/7/20, 17, 11, 3
2020/7/21, 13, 11, 6
2020/7/22, 13, 12, 5
2020/7/23, 14, 4, 6
2020/7/24, 12, 9, 4
2020/7/25, 16, 7, 2
2020/7/26, 19, 9, 2
2020/7/27, 17, 7, 2
2020/7/28, 15, 11, 1
2020/7/29, 19, 14, 3
2020/7/30, 21, 11, 7
2020/7/31, 20, 8, 6
2020/8/1, 20, 8, 3
2020/8/2, 16, 12, 3
2020/8/3, 18, 12, 3
2020/8/4, 17, 9, 4
2020/8/5, 23, 14, 6
2020/8/6, 31, 18, 7
2020/8/7, 39, 17, 11
2020/8/8, 31, 19, 16
2020/8/9, 38, 16, 12
2020/8/10, 31, 12, 7
2020/8/11, 22, 11, 8
2020/8/12, 14, 17, 11
2020/8/13, 24, 16, 12
2020/8/14, 26, 22, 16
2020/8/15, 40, 21, 16
2020/8/16, 41, 26, 16
2020/8/17, 44, 24, 13
2020/8/18, 44, 15, 11
2020/8/19, 32, 8, 4
2020/8/20, 32, 7, 3
2020/8/21, 21, 13, 2
2020/8/22, 30, 10, 1
2020/8/23, 24, 6, 3
2020/8/24, 11, 6, 4
2020/8/25, 10, 4, 5
2020/8/26, 13, 10, 10
2020/8/27, 19, 8, 8
2020/8/28, 16, 3, 3
2020/8/29, 11, 6, 6
2020/8/30, 16, 6, 7
2020/8/31, 10, 12, 10
2020/9/1, 19, 10, 8
2020/9/2, 19, 13, 8
2020/9/3, 19, 11, 3
2020/9/4, 19, 11, 1
2020/9/5, 16, 10, 2
2020/9/6, 13, 10, 7
2020/9/7, 13, 15, 3
2020/9/8, 21, 12, 3
2020/9/9, 18, 10, 5
2020/9/10, 13, 13, 3
2020/9/11, 20, 13, 2
2020/9/12, 28, 13, 2
2020/9/13, 26, 18, 5
2020/9/14, 34, 14, 12
2020/9/15, 36, 10, 9
2020/9/16, 19, 8, 12
2020/9/17, 12, 18, 9
2020/9/18, 24, 10, 7
2020/9/19, 23, 4, 4
2020/9/20, 16, 6, 4
2020/9/21, 14, 9, 5
2020/9/22, 22, 19, 8
2020/9/23, 53, 15, 6
2020/9/24, 37, 9, 7
2020/9/25, 23, 4, 4
2020/9/26, 16, 14, 2
2020/9/27, 50, 31, 5
2020/9/28, 57, 7, 7
2020/9/29, 17, 6, 4
2020/9/30, 24, 11, 4
2020/4/1, 22, 34, 5
2020/4/2, 29, 25, 7
2020/4/3, 25, 14, 5
2020/4/4, 23, 17, 5
2020/4/5, 29, 22, 5
2020/4/6, 42, 31, 9
2020/4/7, 44, 36, 11
2020/4/8, 26, 21, 9
2020/4/9, 21, 19, 11
2020/4/10, 21, 15, 9
2020/4/11, 18, 16, 4
2020/4/12, 25, 8, 2
2020/4/13, 9, 14, 7
2020/4/14, 15, 35, 6
2020/4/15, 30, 22, 8
2020/4/16, 28, 15, 13
2020/4/17, 17, 10, 8
2020/4/18, 15, 13, 12
2020/4/19, 21, 25, 16
2020/4/20, 23, 20, 10
2020/4/21, 30, 29, 18
2020/4/22, 35, 21, 14
2020/4/23, 25, 18, 10
2020/4/24, 16, 9, 6
2020/4/25, 8, 13, 6
2020/4/26, 22, 9, 7
2020/4/27, 19, , 
2020/5/28, 33, 11, 12
2020/5/29, 16, , 
2020/6/2, 42, 12, 9
2020/6/3, 33, 12, 2
2020/6/4, 13, 7, 4
2020/6/5, 18, 9, 3
2020/6/6, 21, 12, 1
2020/6/7, 26, 12, 5
2020/6/8, 24, 16, 6
2020/6/9, 23, 18, 10
2020/6/10, 27, 19, 6
2020/6/11, 18, 14, 3
2020/6/12, 17, 11, 2
2020/6/13, 24, 10, 2
2020/6/14, 21, 14, 7
2020/6/15, 24, 22, 11
2020/6/16, 31, 12, 8
2020/6/17, 25, 11, 7
2020/6/18, 21, 12, 5
2020/6/19, 22, 10, 5
2020/6/20, 34, 6, 6
2020/6/21, 73, 12, 7
2020/6/22, 24, 20, 7
2020/6/23, 27, 21, 9
2020/6/24, 40, 19, 14
2020/6/25, 31, 19, 10
2020/6/26, 38, 18, 8
2020/6/27, 36, 10, 3
2020/6/28, 37, 12, 4
2020/6/29, 18, 9, 2
2020/6/30, 14, 15, 2
2020/1/1, 27, 27, 6
2020/1/2, 61, 15, 7
2020/1/3, 16, 22, 5
2020/1/4, 20, 19, 14
2020/1/5, 19, 9, 6
2020/1/6, 15, 13, 8
2020/1/7, 23, 26, 8
2020/1/8, 33, 19, 8
2020/1/9, 23, 4, 8
2020/1/10, 12, 12, 6
2020/1/11, 17, 14, 6
2020/1/12, 22, 12, 9
2020/1/13, 18, 12, 6
2020/1/14, 19, 11, 8
2020/1/15, 20, 29, 7
2020/1/16, 40, 14, 7
2020/1/17, 27, 11, 7
2020/1/18, 23, 14, 18
2020/1/19, 23, 20, 12
2020/1/20, 31, 20, 7
2020/1/21, 29, 35, 17
2020/1/22, 26, 15, 14
2020/1/23, 18, 12, 7
2020/1/24, 22, 15, 8
2020/1/25, 20, 10, 4
2020/1/26, 20, 12, 8
2020/1/27, 28, 4, 8
2020/1/28, 9, 7, 10
2020/1/29, 12, 6, 12
2020/1/30, 9, 9, 13
2020/1/31, 19, 11, 6
2020/2/1, 20, 14, 7
2020/2/2, 13, 14, 21
2020/2/3, 17, 7, 10
2020/2/4, 19, 14, 16
2020/2/5, 21, 20, 20
2020/2/6, 30, 9, 17
2020/2/7, 18, 6, 4
2020/2/8, 14, 8, 4
2020/2/9, 15, 23, 4
2020/2/10, 28, 13, 6
2020/2/11, 21, 21, 6
2020/2/12, 26, 21, 14
2020/2/13, 23, 19, 19
2020/2/14, 30, 7, 5
2020/2/15, 16, 8, 3
2020/2/16, 17, 19, 5
2020/2/17, 36, 21, 5
2020/2/18, 30, 20, 13
2020/2/19, 16, 9, 8
2020/2/20, 12, 24, 6
2020/2/21, 27, 13, 3
2020/2/22, 14, 33, 4
2020/2/23, 35, 17, 15
2020/2/24, 15, 3, 8
2020/2/25, 3, 9, 8
2020/2/26, 8, 15, 17
2020/2/27, 12, 14, 14
2020/2/28, 14, 6, 5
2020/2/29, 10, 11, 3
2020/3/1, 16, 22, 7
2020/3/2, 26, 10, 10
2020/3/3, 10, 5, 16
2020/3/4, 9, 14, 13
2020/3/5, 10, 12, 13
2020/3/6, 12, 20, 10
2020/3/7, 26, 13, 4
2020/3/8, 30, 11, 11
2020/3/9, 25, 5, 7
2020/3/10, 10, 35, 6
2020/3/11, 42, 14, 7
2020/3/12, 23, 13, 10
2020/3/13, 21, 19, 13
2020/3/14, 15, 13, 3
2020/3/15, 26, 19, 9
2020/3/16, 28, 20, 6
2020/3/17, 24, 22, 6
2020/3/18, 26, 29, 8
2020/3/19, 29, 19, 9
2020/3/20, 20, 21, 14
2020/3/21, 21, 19, 10
2020/3/22, 20, 22, 7
2020/3/23, 18, 28, 6
2020/3/24, 31, 28, 7
2020/3/25, 46, 36, 14
2020/3/26, 56, 57, 28
2020/3/27, 59, 39, 18
2020/3/28, 42, 16, 3
2020/3/29, 8, 14, 9
2020/3/30, 10, 34, 16
2020/3/31, 19, 32, 10
2019/10/3, 12, 4, 5
2019/10/4, 10, 5, 6
2019/10/5, 12, 6, 9
2019/10/6, 14, 13, 17
2019/10/7, 22, 6, 7
2019/10/8, 13, 10, 9
2019/10/9, 21, 10, 8
2019/10/10, 18, 10, 5
2019/10/11, 17, 12, 2
2019/10/12, 22, 14, 3
2019/10/13, 23, 9, 6
2019/10/14, 19, 5, 7
2019/10/15, 13, 10, 9
2019/10/16, 28, 7, 8
2019/10/17, 24, 5, 7
2019/10/18, 14, 11, 3
2019/10/19, 20, 10, 5
2019/10/20, 25, 7, 6
2019/10/21, 18, 8, 6
2019/10/22, 14, 16, 4
2019/10/23, 25, 14, 4
2019/10/24, 35, 14, 4
2019/10/25, 38, 8, 6
2019/10/26, 15, 4, 8
2019/10/27, 12, 6, 12
2019/10/28, 16, 16, 19
2019/10/29, 25, 21, 14
2019/10/30, 25, 14, 20
2019/10/31, 20, 17, 8
2019/11/1, 13, 20, 15
2019/11/2, 28, 22, 16
2019/11/3, 30, , 
2019/11/6, 14, 6, 10
2019/11/7, 17, 5, 7
2019/11/8, 17, 5, 8
2019/11/9, 13, 3, 3
2019/11/10, 11, 3, 4
2019/11/11, 12, 6, 3
2019/11/12, 27, 5, 5
2019/11/13, 23, 5, 7
2019/11/14, 27, 5, 7
2019/11/15, 21, 2, 5
2019/11/16, 14, 2, 6
2019/11/17, 12, , 4
2019/11/26, 30, 5, 9
2019/11/27, 29, 2, 10
2019/11/28, 13, 8, 12
2019/11/29, 16, 16, 31
2019/11/30, 39, 10, 21
2019/12/1, 28, 10, 28
2019/12/2, 30, , 
2019/12/9, 23, 9, 15
2019/12/10, 21, 11, 8
2019/12/11, 23, 7, 10
2019/12/12, 19, 2, 6
2019/12/13, 10, , 
2019/7/8, 18, 8, 
2019/7/9, 22, , 
2019/7/19, 27, 10, 4
2019/7/20, 18, 12, 2
2019/7/21, 20, 12, 3
2019/7/22, 14, 11, 6
2019/7/23, 9, 16, 12
2019/7/24, 21, , 
2019/8/1, 32, 14, 4
2019/8/2, 15, , 
2019/8/7, 23, 10, 5
2019/8/8, 20, 7, 9
2019/8/12, 26, 12, 3
2019/8/13, 17, 12, 3
2019/8/14, 18, 9, 5
2019/8/15, 17, 9, 4
2019/8/16, 18, 11, 4
2019/8/17, 21, 13, 4
2019/8/18, 24, 13, 5
2019/8/19, 24, 17, 4
2019/8/20, 29, 13, 5
2019/8/21, 22, 14, 6
2019/8/22, 26, 16, 5
2019/8/23, 34, 16, 6
2019/8/24, 32, 14, 12
2019/8/25, 38, 21, 13
2019/8/26, 60, 17, 7
2019/8/27, 46, 17, 8
2019/8/28, 49, , 11
2019/9/8, 18, 8, 6
2019/9/9, 20, 6, 9
2019/9/10, 18, 10, 5
2019/9/11, 28, , 7
2019/9/21, 21, 12, 4
2019/9/22, 24, 5, 
2019/9/23, 16, , 1
2019/4/1, 11, 17, 5
2019/4/2, 13, 28, 9
2019/4/3, 37, 35, 11
2019/4/4, 61, 40, 11
2019/4/5, 70, 36, 15
2019/4/6, 67, 35, 11
2019/4/7, 59, 14, 9
2019/4/8, 30, 21, 10
2019/4/9, 33, 19, 10
2019/4/10, 27, 22, 15
2019/4/11, 26, 22, 18
2019/4/12, 27, 17, 9
2019/4/13, 23, 14, 6
2019/4/14, 19, 17, 12
2019/4/15, 19, 15, 10
2019/4/16, 18, 32, 19
2019/4/17, 31, 32, 18
2019/4/18, 31, 28, 22
2019/4/19, 32, 27, 23
2019/4/20, 33, 28, 23
2019/4/21, 40, 31, 21
2019/4/22, 47, 32, 8
2019/4/23, 44, 38, 6
2019/4/24, 54, 41, 13
2019/4/25, 66, 39, 18
2019/4/26, 61, 28, 19
2019/4/27, 48, 15, 17
2019/4/28, 39, 21, 14
2019/4/29, 47, 29, 23
2019/4/30, 55, 20, 10
2019/5/1, 38, 24, 12
2019/5/2, 53, 18, 18
2019/5/3, 37, 14, 10
2019/5/4, 18, , 
2019/5/6, 13, 11, 9
2019/5/7, 15, 12, 5
2019/5/8, 16, 9, 6
2019/5/9, 24, 9, 6
2019/5/10, 24, 13, 5
2019/5/11, 21, 12, 7
2019/5/12, 18, 13, 11
2019/5/13, 38, 16, 15
2019/5/14, 44, 16, 5
2019/5/15, 42, 14, 9
2019/5/16, 36, , 
2019/5/20, 36, 19, 12
2019/5/21, 44, 14, 8
2019/5/22, 34, 12, 6
2019/5/23, 19, 10, 7
2019/5/24, 17, 13, 6
2019/5/25, 24, 10, 4
2019/5/26, 13, 8, 8
2019/5/27, 14, 11, 5
2019/5/28, 17, 14, 6
2019/5/29, 19, 11, 5
2019/5/30, 19, 10, 6
2019/5/31, 19, 11, 5
2019/6/1, 21, 9, 4
2019/6/2, 25, 10, 7
2019/6/3, 25, 12, 12
2019/6/4, 29, 15, 13
2019/6/5, 36, 18, 8
2019/6/6, 52, 15, 10
2019/6/7, 32, 9, 7
2019/6/8, 21, 10, 9
2019/6/9, 15, 12, 9
2019/6/10, 24, 13, 
2019/6/11, 28, , 
2019/6/22, 16, 11, 5
2019/6/23, 18, 12, 10
2019/6/24, 20, 13, 8
2019/6/25, 24, 22, 11
2019/6/26, 36, 18, 7
2019/6/27, 26, 14, 10
2019/6/28, 20, 16, 8
2019/6/29, 21, 17, 6
2019/6/30, 19, , 
2019/3/19, 24, 31, 13
2019/3/20, 32, 27, 9
2019/3/21, 37, 17, 13
2019/3/22, 22, 24, 7
2019/3/23, 35, 35, 7
2019/3/24, 33, 23, 13
2019/3/25, 22, 25, 17
2019/3/26, 22, 36, 22
2019/3/27, 27, 41, 14
2019/3/28, 29, 37, 10
2019/3/29, 35, 32, 7
2019/3/30, 39, 26, 13
2019/3/31, 17, 30, 13
2025/4/1, , 51, 17
2024/12/31, , 9, 1
2024/9/22, , 30, 
2024/6/13, , 8, 
2023/10/26, , 4, 4
2023/10/27, , 1, 3
2023/10/28, , 2, 2
2023/10/29, , 1, 1
2023/10/30, , 2, 4
2023/10/31, , 2, 3
2023/11/1, , 1, 4
2023/11/2, , 1, 2
2023/11/3, , 1, 3
2023/11/4, , 1, 2
2023/11/5, , 1, 2
2023/11/6, , 2, 3
2023/11/7, , 2, 6
2023/11/8, , 1, 9
2023/11/9, , 1, 10
2023/11/10, , 1, 8
2023/11/11, , 2, 6
2023/11/12, , 1, 4
2023/11/13, , 6, 2
2023/11/14, , 2, 2
2023/11/15, , 2, 3
2023/11/16, , 2, 2
2023/11/17, , 2, 5
2023/11/18, , 1, 3
2023/11/19, , 1, 2
2023/11/20, , 2, 4
2023/11/21, , 2, 4
2023/11/22, , 1, 2
2023/11/23, , 4, 5
2023/11/24, , 2, 4
2023/5/1, , 11, 6
2022/11/6, , 11, 3
2022/8/16, , 21, 3
2022/3/31, , 29, 5
2022/5/1, , 32, 6
2022/5/22, , 15, 2
2021/10/7, , 18, 5
2021/10/20, , 14, 5
2021/10/30, , 21, 3
2021/1/23, , 9, 3
2021/1/31, , 9, 14
2020/10/14, , 11, 12
2020/5/27, , 15, 11
2020/6/1, , 5, 8
2019/12/31, , 20, 7
2019/10/2, , 6, 7
2019/11/5, , 6, 9
2019/11/25, , 5, 6
2019/12/8, , 9, 6
2019/7/7, , 13, 
2019/7/18, , 13, 6
2019/7/31, , 9, 7
2019/8/6, , 15, 4
2019/8/11, , 16, 3
2019/9/7, , 8, 6
2019/9/20, , 14, 8
2019/5/5, , 12, 8
2019/5/19, , 14, 13
2019/6/21, , 13, 3
2019/3/18, , 36, 26
2015/7/1, , 21, 13
2015/7/2, , 18, 13
2015/7/3, , 25, 16
2015/7/4, , 22, 17
2015/7/5, , 20, 6
2015/7/6, , 19, 5
2015/7/7, , 16, 6
2015/7/8, , 10, 9
2015/7/9, , 13, 7
2015/7/10, , 6, 
2015/4/1, , 30, 16
2015/4/2, , 26, 17
2015/4/3, , 26, 10
2015/4/4, , 13, 19
2015/4/5, , 31, 17
2015/4/6, , 28, 16
2015/4/7, , 29, 17
2015/4/8, , 21, 23
2015/4/9, , 35, 14
2015/4/10, , 16, 5
2015/4/11, , 19, 6
2015/4/12, , 22, 12
2015/4/13, , 20, 12
2015/4/14, , 13, 15
2015/4/15, , 13, 16
2015/4/16, , 16, 14
2015/4/17, , 14, 21
2015/4/18, , 16, 8
2015/4/19, , 8, 20
2015/4/20, , 19, 23
2015/4/21, , 23, 20
2015/4/22, , 24, 10
2015/4/23, , 30, 14
2015/4/24, , 20, 9
2015/4/25, , 16, 8
2015/4/26, , 10, 16
2015/4/27, , 15, 15
2015/4/28, , 13, 15
2015/4/29, , 14, 16
2015/4/30, , 8, 9
2015/5/1, , 9, 13
2015/5/2, , 7, 19
2015/5/3, , 13, 18
2015/5/4, , 12, 6
2015/5/5, , 8, 10
2015/5/6, , 17, 8
2015/5/7, , 9, 9
2015/5/8, , 15, 7
2015/5/9, , 13, 9
2015/5/10, , 10, 7
2015/5/11, , 11, 18
2015/5/12, , 13, 15
2015/5/13, , 17, 12
2015/5/14, , 9, 17
2015/5/15, , 8, 9
2015/5/16, , 13, 5
2015/5/17, , 14, 11
2015/5/18, , 11, 13
2015/5/19, , 8, 16
2015/5/20, , 11, 15
2015/5/21, , 12, 12
2015/5/22, , 16, 5
2015/5/23, , 15, 6
2015/5/24, , 15, 10
2015/5/25, , 9, 10
2015/5/26, , 11, 11
2015/5/27, , 15, 10
2015/5/28, , 10, 10
2015/5/29, , 10, 7
2015/5/30, , 6, 5
2015/5/31, , 10, 7
2015/6/1, , 12, 15
2015/6/2, , 11, 7
2015/6/3, , 18, 8
2015/6/4, , 14, 14
2015/6/5, , 10, 8
2015/6/6, , 13, 3
2015/6/7, , 11, 8
2015/6/8, , 10, 12
2015/6/9, , 9, 12
2015/6/10, , 13, 11
2015/6/11, , 28, 17
2015/6/12, , 21, 13
2015/6/13, , 11, 7
2015/6/14, , 13, 8
2015/6/15, , 13, 10
2015/6/16, , 17, 11
2015/6/17, , 11, 11
2015/6/18, , 15, 5
2015/6/19, , 7, 6
2015/6/20, , 8, 6
2015/6/21, , 13, 5
2015/6/22, , 7, 12
2015/6/23, , 10, 10
2015/6/24, , 20, 7
2015/6/25, , 17, 13
2015/6/26, , 15, 11
2015/6/27, , 10, 9
2015/6/28, , 11, 10
2015/6/29, , 11, 9
2015/6/30, , 19, 16
2015/3/2, , 9, 16
2015/3/3, , 16, 20
2015/3/4, , 20, 32
2015/3/5, , 28, 18
2015/3/6, , 23, 7
2015/3/7, , 26, 6
2015/3/8, , 28, 18
2015/3/9, , 23, 8
2015/3/10, , 32, 13
2015/3/11, , 22, 20
2015/3/12, , 30, 15
2015/3/13, , 18, 7
2015/3/14, , 13, 4
2015/3/15, , 14, 8
2015/3/16, , 23, 7
2015/3/17, , 31, 20
2015/3/18, , 43, 38
2015/3/19, , 63, 21
2015/3/20, , 25, 8
2015/3/21, , 8, 13
2015/3/22, , 20, 9
2015/3/23, , 21, 20
2015/3/24, , 27, 10
2015/3/25, , 7, 19
2015/3/26, , 10, 25
2015/3/27, , 22, 9
2015/3/28, , 15, 9
2015/3/29, , 9, 15
2015/3/30, , 7, 16
2015/3/31, , 15, 14
2024/5/8, , , 4
2024/5/9, , , 2
2024/5/10, , , 3
2024/5/11, , , 6
2024/5/12, , , 5
2024/5/13, , , 5
2024/5/14, , , 5
2024/5/15, , , 4
2024/5/16, , , 1
2024/5/17, , , 3
2024/5/18, , , 3
2024/5/19, , , 6
2024/5/20, , , 3
2024/5/21, , , 
2024/5/22, , , 1
2024/5/23, , , 3
2024/5/24, , , 6
2024/5/25, , , 2
2024/5/26, , , 1
2024/5/27, , , 
2024/5/28, , , 2
2024/5/29, , , 1
2024/5/30, , , 1
2023/11/25, , , 5
2023/11/26, , , 16
2023/11/27, , , 9
2023/11/28, , , 5
2023/11/29, , , 9
2022/9/12, , , 4
2019/9/6, , , 6
2019/9/24, , , 
2015/3/1, , , 24